Keyword,Volume,SEO difficulty,Sheet fit,Corrected fit,Page,Role,Unused reason
kitchen cabinets,246000,61,DIY or product,DIY or product,,,"Shopping for stock kitchen cabinets, hardware or design ideas: retailers and showrooms own these; Grace builds and refinishes, it does not sell stock lines."
carpenter,165000,84,Off-topic,Off-topic,,,Sheet verdict kept: not woodwork Grace does.
carpenter bee,165000,44,Off-topic,Off-topic,,,Sheet verdict kept: not woodwork Grace does.
carpenter ant,135000,50,Off-topic,Off-topic,,,Sheet verdict kept: not woodwork Grace does.
kitchen cabinets at ikea,74000,58,Off-topic,Other business or brand,,,"Another company's name or a brand: searchers want that business, not Grace."
kitchen cabinets ikea,60500,70,Off-topic,Other business or brand,,,"Another company's name or a brand: searchers want that business, not Grace."
custom cabinets ikea,49500,66,Off-topic,Other business or brand,,,"Another company's name or a brand: searchers want that business, not Grace."
cabinet painting,40500,20,Service (no place),Service,/custom-cabinets/cabinet-painting/,target,
kitchen cabinets at home depot,40500,48,Off-topic,Other business or brand,,,"Another company's name or a brand: searchers want that business, not Grace."
kitchen cabinets white,40500,56,DIY or product,DIY or product,,,"Shopping for stock kitchen cabinets, hardware or design ideas: retailers and showrooms own these; Grace builds and refinishes, it does not sell stock lines."
can carpenter bees bite,33100,30,Off-topic,Off-topic,,,Sheet verdict kept: not woodwork Grace does.
kitchen cabinets pantry,33100,53,DIY or product,DIY or product,,,"Shopping for stock kitchen cabinets, hardware or design ideas: retailers and showrooms own these; Grace builds and refinishes, it does not sell stock lines."
carpenter bee traps,27100,40,Off-topic,Off-topic,,,Sheet verdict kept: not woodwork Grace does.
carpenter union,27100,28,Off-topic,Off-topic,,,"Jobs, classes, videos, stairlifts or other searches that are not a customer hiring a woodwork shop."
kitchen cabinets black,27100,52,DIY or product,DIY or product,,,"Shopping for stock kitchen cabinets, hardware or design ideas: retailers and showrooms own these; Grace builds and refinishes, it does not sell stock lines."
kitchen cabinets green,27100,52,DIY or product,DIY or product,,,"Shopping for stock kitchen cabinets, hardware or design ideas: retailers and showrooms own these; Grace builds and refinishes, it does not sell stock lines."
kitchen cabinets in home depot,27100,44,Off-topic,Other business or brand,,,"Another company's name or a brand: searchers want that business, not Grace."
kitchen cabinets near me,27100,52,Other place,DIY or product,,,"Shopping for stock kitchen cabinets, hardware or design ideas: retailers and showrooms own these; Grace builds and refinishes, it does not sell stock lines."
kitchen cabinets repainting,27100,48,DIY or product,Service,/custom-cabinets/cabinet-painting/,supporting,
cabinet painting kitchen,22200,48,DIY or product,Service,/custom-cabinets/cabinet-painting/,supporting,
carpenter park,22200,36,Off-topic,Off-topic,,,Sheet verdict kept: not woodwork Grace does.
custom cabinets,22200,38,Service (no place),Service,/custom-cabinets/,target,
kitchen cabinets at lowe's,22200,58,Off-topic,Other business or brand,,,"Another company's name or a brand: searchers want that business, not Grace."
kitchen cabinets colors,22200,50,DIY or product,DIY or product,,,"Shopping for stock kitchen cabinets, hardware or design ideas: retailers and showrooms own these; Grace builds and refinishes, it does not sell stock lines."
kitchen cabinets doors,22200,59,DIY or product,DIY or product,,,Sheet verdict kept: a product or do-it-yourself search.
kitchen cabinets for storage,22200,42,DIY or product,DIY or product,,,"Shopping for stock kitchen cabinets, hardware or design ideas: retailers and showrooms own these; Grace builds and refinishes, it does not sell stock lines."
kitchen cabinets hardware,22200,50,DIY or product,DIY or product,,,"Shopping for stock kitchen cabinets, hardware or design ideas: retailers and showrooms own these; Grace builds and refinishes, it does not sell stock lines."
kitchen cabinets in stock,22200,54,Other place,Other place,,,Names a place outside Grace's 15 East Texas towns.
cabinet refacing,18100,13,Service (no place),Service,/custom-cabinets/cabinet-refacing/,target,
carpenter ant bait,18100,31,Off-topic,Off-topic,,,Sheet verdict kept: not woodwork Grace does.
carpenter pants,18100,22,Off-topic,Off-topic,,,Sheet verdict kept: not woodwork Grace does.
carpenter songs,18100,53,Off-topic,Off-topic,,,Sheet verdict kept: not woodwork Grace does.
custom cabinets cheap,18100,49,DIY or product,DIY or product,,,"Online or mass-produced custom products, or materials Grace does not work in (glass, metal, granite, laser-cut, lighted signs)."
furniture refinishing near me,18100,26,Other place,Service near me,/furniture-repair/furniture-refinishing/,supporting,
furniture repair near me,18100,34,Other place,Service near me,/furniture-repair/,supporting,
kitchen cabinets blue,18100,49,DIY or product,DIY or product,,,"Shopping for stock kitchen cabinets, hardware or design ideas: retailers and showrooms own these; Grace builds and refinishes, it does not sell stock lines."
kitchen cabinets for cheap,18100,40,DIY or product,DIY or product,,,"Shopping for stock kitchen cabinets, hardware or design ideas: retailers and showrooms own these; Grace builds and refinishes, it does not sell stock lines."
kitchen cabinets gray,18100,49,DIY or product,DIY or product,,,"Shopping for stock kitchen cabinets, hardware or design ideas: retailers and showrooms own these; Grace builds and refinishes, it does not sell stock lines."
kitchen cabinets outdoor,18100,49,DIY or product,DIY or product,,,"Shopping for stock kitchen cabinets, hardware or design ideas: retailers and showrooms own these; Grace builds and refinishes, it does not sell stock lines."
woodworking shop,18100,27,Service (no place),Service,/,target,
carpenter apprenticeship,14800,30,Off-topic,Off-topic,,,"Jobs, classes, videos, stairlifts or other searches that are not a customer hiring a woodwork shop."
carpenter hall,14800,26,Off-topic,Off-topic,,,Sheet verdict kept: not woodwork Grace does.
carpenter jobs,14800,23,Off-topic,Off-topic,,,"Jobs, classes, videos, stairlifts or other searches that are not a customer hiring a woodwork shop."
carpenter near me,14800,30,Other place,Service near me,/,supporting,
kitchen cabinets corner,14800,48,DIY or product,DIY or product,,,"Shopping for stock kitchen cabinets, hardware or design ideas: retailers and showrooms own these; Grace builds and refinishes, it does not sell stock lines."
kitchen cabinets modern,14800,34,DIY or product,DIY or product,,,"Shopping for stock kitchen cabinets, hardware or design ideas: retailers and showrooms own these; Grace builds and refinishes, it does not sell stock lines."
kitchen cabinets paint,14800,47,DIY or product,DIY or product,,,"Shopping for stock kitchen cabinets, hardware or design ideas: retailers and showrooms own these; Grace builds and refinishes, it does not sell stock lines."
kitchen cabinets with handles,14800,32,DIY or product,DIY or product,,,"Shopping for stock kitchen cabinets, hardware or design ideas: retailers and showrooms own these; Grace builds and refinishes, it does not sell stock lines."
kitchen cabinets wood,14800,48,DIY or product,DIY or product,,,"Shopping for stock kitchen cabinets, hardware or design ideas: retailers and showrooms own these; Grace builds and refinishes, it does not sell stock lines."
built in bookshelves,12100,47,Other place,Service,/custom-cabinets/built-in-shelves/,supporting,
cabinet painting how to,12100,43,DIY or product,DIY or product,,,"Do-it-yourself how-to: the plan does not publish step-by-step DIY repair, power-tool or structural instructions; pages answer the question and say when to call."
carpenter ford parts,12100,35,Off-topic,DIY or product,,,"A product, tool or material for doing it yourself: product pages win these, not a shop."
carpenter hotel,12100,39,Off-topic,Off-topic,,,Sheet verdict kept: not woodwork Grace does.
carpenter jeans,12100,20,Off-topic,Off-topic,,,Sheet verdict kept: not woodwork Grace does.
carpenter pencil,12100,24,Off-topic,Off-topic,,,Sheet verdict kept: not woodwork Grace does.
carpenter tools,12100,25,Off-topic,DIY or product,,,"A product, tool or material for doing it yourself: product pages win these, not a shop."
custom cabinets kitchen,12100,24,DIY or product,Service,/custom-cabinets/,supporting,
custom furniture,12100,32,Service (no place),Service,/custom-furniture/,target,
kitchen cabinets 2 tone,12100,27,DIY or product,DIY or product,,,"Shopping for stock kitchen cabinets, hardware or design ideas: retailers and showrooms own these; Grace builds and refinishes, it does not sell stock lines."
kitchen cabinets custom,12100,24,DIY or product,Service,/custom-cabinets/,supporting,
kitchen cabinets door replacement,12100,55,DIY or product,Service,/custom-cabinets/cabinet-refacing/,supporting,
kitchen cabinets ideas,12100,47,DIY or product,DIY or product,,,"Do-it-yourself how-to: the plan does not publish step-by-step DIY repair, power-tool or structural instructions; pages answer the question and say when to call."
carpenter pants carhartt,9900,46,Off-topic,Off-topic,,,Sheet verdict kept: not woodwork Grace does.
carpenter pay,9900,45,Off-topic,Off-topic,,,Sheet verdict kept: not woodwork Grace does.
carpenter square,9900,26,Off-topic,Off-topic,,,Sheet verdict kept: not woodwork Grace does.
deck repair,9900,36,Service (no place),Service,/deck-repair/,target,
deck repair near me,9900,17,Other place,Service near me,/deck-repair/,supporting,
furniture repair,9900,27,Service (no place),Service,/furniture-repair/,target,
furniture repair leather,9900,46,Service (no place),Off-topic,,,"Upholstery, leather, mechanisms or covers: not a service Grace has confirmed."
kitchen cabinets design,9900,56,DIY or product,DIY or product,,,"Shopping for stock kitchen cabinets, hardware or design ideas: retailers and showrooms own these; Grace builds and refinishes, it does not sell stock lines."
kitchen cabinets installation cost,9900,10,DIY or product,DIY or product,,,"Shopping for stock kitchen cabinets, hardware or design ideas: retailers and showrooms own these; Grace builds and refinishes, it does not sell stock lines."
kitchen cabinets knobs,9900,40,DIY or product,DIY or product,,,"Shopping for stock kitchen cabinets, hardware or design ideas: retailers and showrooms own these; Grace builds and refinishes, it does not sell stock lines."
kitchen cabinets resurfacing,9900,35,DIY or product,Question,/custom-cabinets/what-is-cabinet-refacing/,supporting,
kitchen cabinets wall,9900,46,DIY or product,DIY or product,,,"Shopping for stock kitchen cabinets, hardware or design ideas: retailers and showrooms own these; Grace builds and refinishes, it does not sell stock lines."
what carpenter does,9900,49,Off-topic,Off-topic,,,Sheet verdict kept: not woodwork Grace does.
cabinet paint from sherwin williams,8100,36,Service (no place),Other business or brand,,,"Another company's name or a brand: searchers want that business, not Grace."
carpenter ant bite,8100,25,Off-topic,Off-topic,,,Sheet verdict kept: not woodwork Grace does.
carpenter ants with wings,8100,39,Off-topic,Off-topic,,,Sheet verdict kept: not woodwork Grace does.
carpenter jeans carhartt,8100,46,Off-topic,Off-topic,,,Sheet verdict kept: not woodwork Grace does.
carpenter jobs near me,8100,24,Off-topic,Off-topic,,,"Jobs, classes, videos, stairlifts or other searches that are not a customer hiring a woodwork shop."
carpenter technology,8100,43,Off-topic,Off-topic,,,Sheet verdict kept: not woodwork Grace does.
carpenter technology corp,8100,59,Off-topic,Off-topic,,,Sheet verdict kept: not woodwork Grace does.
kitchen cabinets for sale,8100,53,DIY or product,Off-topic,,,"Jobs, classes, videos, stairlifts or other searches that are not a customer hiring a woodwork shop."
kitchen cabinets oak,8100,46,DIY or product,DIY or product,,,"Shopping for stock kitchen cabinets, hardware or design ideas: retailers and showrooms own these; Grace builds and refinishes, it does not sell stock lines."
kitchen cabinets on sale,8100,38,DIY or product,DIY or product,,,"Shopping for stock kitchen cabinets, hardware or design ideas: retailers and showrooms own these; Grace builds and refinishes, it does not sell stock lines."
kitchen cabinets under lights,8100,38,DIY or product,DIY or product,,,"Shopping for stock kitchen cabinets, hardware or design ideas: retailers and showrooms own these; Grace builds and refinishes, it does not sell stock lines."
kitchen cabinets with drawers,8100,38,DIY or product,DIY or product,,,"Shopping for stock kitchen cabinets, hardware or design ideas: retailers and showrooms own these; Grace builds and refinishes, it does not sell stock lines."
carpenter ant killer,6600,30,Off-topic,Off-topic,,,Sheet verdict kept: not woodwork Grace does.
carpenter ant queen,6600,24,Off-topic,Off-topic,,,Sheet verdict kept: not woodwork Grace does.
carpenter ants in house,6600,36,Off-topic,Off-topic,,,Sheet verdict kept: not woodwork Grace does.
carpenter ants vs termites,6600,14,Off-topic,Off-topic,,,Sheet verdict kept: not woodwork Grace does.
carpenter bee vs bumble bee,6600,23,Off-topic,Off-topic,,,Sheet verdict kept: not woodwork Grace does.
carpenter bees sting,6600,28,Off-topic,Off-topic,,,Sheet verdict kept: not woodwork Grace does.
carpenter brut,6600,78,Off-topic,Off-topic,,,Sheet verdict kept: not woodwork Grace does.
carpenter lake nature preserve,6600,32,Off-topic,Off-topic,,,Sheet verdict kept: not woodwork Grace does.
furniture refinishing,6600,31,Service (no place),Service,/furniture-repair/furniture-refinishing/,target,
kitchen cabinets crown molding,6600,28,DIY or product,DIY or product,,,"Shopping for stock kitchen cabinets, hardware or design ideas: retailers and showrooms own these; Grace builds and refinishes, it does not sell stock lines."
kitchen cabinets diy,6600,40,DIY or product,DIY or product,,,"Do-it-yourself how-to: the plan does not publish step-by-step DIY repair, power-tool or structural instructions; pages answer the question and say when to call."
kitchen cabinets for island,6600,36,DIY or product,DIY or product,,,"Shopping for stock kitchen cabinets, hardware or design ideas: retailers and showrooms own these; Grace builds and refinishes, it does not sell stock lines."
kitchen cabinets hinges,6600,45,DIY or product,DIY or product,,,"Shopping for stock kitchen cabinets, hardware or design ideas: retailers and showrooms own these; Grace builds and refinishes, it does not sell stock lines."
kitchen cabinets installed,6600,24,DIY or product,DIY or product,,,"Shopping for stock kitchen cabinets, hardware or design ideas: retailers and showrooms own these; Grace builds and refinishes, it does not sell stock lines."
kitchen cabinets refinishing,6600,26,DIY or product,Service,/custom-cabinets/cabinet-painting/,supporting,
kitchen cabinets unfinished,6600,44,DIY or product,DIY or product,,,"Shopping for stock kitchen cabinets, hardware or design ideas: retailers and showrooms own these; Grace builds and refinishes, it does not sell stock lines."
kitchen cabinets with glass doors,6600,42,DIY or product,DIY or product,,,Sheet verdict kept: a product or do-it-yourself search.
seat repair for car,6600,17,Off-topic,Off-topic,,,Sheet verdict kept: not woodwork Grace does.
signing time signs,6600,63,Off-topic,Off-topic,,,Off-topic or noise: not a search for woodwork Grace does.
can carpenter ants bite,5400,32,Off-topic,Off-topic,,,Sheet verdict kept: not woodwork Grace does.
carpenter company,5400,32,Off-topic,Off-topic,,,Sheet verdict kept: not woodwork Grace does.
carpenter flying ants,5400,46,Off-topic,Off-topic,,,Sheet verdict kept: not woodwork Grace does.
carpenter pants mens,5400,23,Off-topic,Off-topic,,,Sheet verdict kept: not woodwork Grace does.
carpenter queen ant,5400,31,Off-topic,Off-topic,,,Sheet verdict kept: not woodwork Grace does.
carpenter yesterday once more,5400,49,Off-topic,Off-topic,,,Sheet verdict kept: not woodwork Grace does.
custom cabinets doors,5400,45,Service (no place),Service,/custom-cabinets/,supporting,
custom wood signs,5400,32,Service (no place),Service,/custom-signs/,target,
furniture restoration,5400,44,Service (no place),Service,/furniture-repair/,supporting,
kitchen cabinets color ideas,5400,29,DIY or product,DIY or product,,,"Do-it-yourself how-to: the plan does not publish step-by-step DIY repair, power-tool or structural instructions; pages answer the question and say when to call."
kitchen cabinets cost,5400,26,DIY or product,DIY or product,,,"Shopping for stock kitchen cabinets, hardware or design ideas: retailers and showrooms own these; Grace builds and refinishes, it does not sell stock lines."
kitchen cabinets dimensions,5400,44,DIY or product,DIY or product,,,"Shopping for stock kitchen cabinets, hardware or design ideas: retailers and showrooms own these; Grace builds and refinishes, it does not sell stock lines."
kitchen cabinets for small kitchen,5400,46,DIY or product,DIY or product,,,"Shopping for stock kitchen cabinets, hardware or design ideas: retailers and showrooms own these; Grace builds and refinishes, it does not sell stock lines."
kitchen cabinets grey and white,5400,37,DIY or product,DIY or product,,,"Shopping for stock kitchen cabinets, hardware or design ideas: retailers and showrooms own these; Grace builds and refinishes, it does not sell stock lines."
kitchen cabinets maple,5400,44,DIY or product,DIY or product,,,"Shopping for stock kitchen cabinets, hardware or design ideas: retailers and showrooms own these; Grace builds and refinishes, it does not sell stock lines."
kitchen cabinets navy blue,5400,30,DIY or product,DIY or product,,,"Shopping for stock kitchen cabinets, hardware or design ideas: retailers and showrooms own these; Grace builds and refinishes, it does not sell stock lines."
kitchen cabinets paint colors,5400,35,DIY or product,DIY or product,,,"Shopping for stock kitchen cabinets, hardware or design ideas: retailers and showrooms own these; Grace builds and refinishes, it does not sell stock lines."
kitchen cabinets paint ideas,5400,41,DIY or product,DIY or product,,,"Do-it-yourself how-to: the plan does not publish step-by-step DIY repair, power-tool or structural instructions; pages answer the question and say when to call."
kitchen cabinets solid wood,5400,33,DIY or product,DIY or product,,,"Shopping for stock kitchen cabinets, hardware or design ideas: retailers and showrooms own these; Grace builds and refinishes, it does not sell stock lines."
kitchen cabinets tall,5400,41,DIY or product,DIY or product,,,"Shopping for stock kitchen cabinets, hardware or design ideas: retailers and showrooms own these; Grace builds and refinishes, it does not sell stock lines."
woodworking shop klingspor,5400,38,Service (no place),Other business or brand,,,"Another company's name or a brand: searchers want that business, not Grace."
built in shelves,4400,28,Other place,Service,/custom-cabinets/built-in-shelves/,target,
cabinet painting spray gun,4400,25,Off-topic,DIY or product,,,"A product, tool or material for doing it yourself: product pages win these, not a shop."
carpenter 420,4400,18,Off-topic,Off-topic,,,Sheet verdict kept: not woodwork Grace does.
carpenter bee male vs female,4400,26,Off-topic,Off-topic,,,Sheet verdict kept: not woodwork Grace does.
carpenter bee spray,4400,28,Off-topic,DIY or product,,,"A product, tool or material for doing it yourself: product pages win these, not a shop."
carpenter funeral home,4400,34,Off-topic,Off-topic,,,Sheet verdict kept: not woodwork Grace does.
carpenter technology stock,4400,27,Off-topic,Off-topic,,,Sheet verdict kept: not woodwork Grace does.
how kill carpenter ants,4400,36,Off-topic,Off-topic,,,Sheet verdict kept: not woodwork Grace does.
kitchen cabinets beige,4400,29,DIY or product,DIY or product,,,"Shopping for stock kitchen cabinets, hardware or design ideas: retailers and showrooms own these; Grace builds and refinishes, it does not sell stock lines."
kitchen cabinets home depot,4400,41,Off-topic,Other business or brand,,,"Another company's name or a brand: searchers want that business, not Grace."
kitchen cabinets light gray,4400,38,DIY or product,DIY or product,,,"Shopping for stock kitchen cabinets, hardware or design ideas: retailers and showrooms own these; Grace builds and refinishes, it does not sell stock lines."
kitchen cabinets metal,4400,45,DIY or product,DIY or product,,,"Shopping for stock kitchen cabinets, hardware or design ideas: retailers and showrooms own these; Grace builds and refinishes, it does not sell stock lines."
kitchen cabinets shaker style,4400,37,DIY or product,DIY or product,,,"Shopping for stock kitchen cabinets, hardware or design ideas: retailers and showrooms own these; Grace builds and refinishes, it does not sell stock lines."
kitchen cabinets shelves,4400,45,DIY or product,DIY or product,,,"Shopping for stock kitchen cabinets, hardware or design ideas: retailers and showrooms own these; Grace builds and refinishes, it does not sell stock lines."
kitchen cabinets small,4400,45,DIY or product,DIY or product,,,"Shopping for stock kitchen cabinets, hardware or design ideas: retailers and showrooms own these; Grace builds and refinishes, it does not sell stock lines."
kitchen cabinets styles,4400,32,DIY or product,DIY or product,,,"Shopping for stock kitchen cabinets, hardware or design ideas: retailers and showrooms own these; Grace builds and refinishes, it does not sell stock lines."
kitchen cabinets upper,4400,45,DIY or product,DIY or product,,,"Shopping for stock kitchen cabinets, hardware or design ideas: retailers and showrooms own these; Grace builds and refinishes, it does not sell stock lines."
kitchen cabinets used,4400,31,DIY or product,DIY or product,,,"Shopping for stock kitchen cabinets, hardware or design ideas: retailers and showrooms own these; Grace builds and refinishes, it does not sell stock lines."
kitchen cabinets wholesale,4400,55,DIY or product,DIY or product,,,"Shopping for stock kitchen cabinets, hardware or design ideas: retailers and showrooms own these; Grace builds and refinishes, it does not sell stock lines."
cabinet paint benjamin moore,3600,37,Service (no place),Other business or brand,,,"Another company's name or a brand: searchers want that business, not Grace."
cabinet painting colors,3600,25,Service (no place),Service,/custom-cabinets/cabinet-painting/,supporting,
carpenter bee nest,3600,28,Off-topic,Off-topic,,,Sheet verdict kept: not woodwork Grace does.
carpenter meaning,3600,32,Off-topic,Off-topic,,,Sheet verdict kept: not woodwork Grace does.
carpenter pants women,3600,21,Off-topic,Off-topic,,,Sheet verdict kept: not woodwork Grace does.
carpenter rd,3600,20,Off-topic,Off-topic,,,Sheet verdict kept: not woodwork Grace does.
carpenter shorts,3600,20,Off-topic,Off-topic,,,Sheet verdict kept: not woodwork Grace does.
carpenter union near me,3600,52,Off-topic,Off-topic,,,"Jobs, classes, videos, stairlifts or other searches that are not a customer hiring a woodwork shop."
carpenteria,3600,33,Off-topic,Off-topic,,,Off-topic or noise: not a search for woodwork Grace does.
custom furniture upholstery,3600,17,Service (no place),Off-topic,,,"Upholstery, leather, mechanisms or covers: not a service Grace has confirmed."
how kill carpenter bees,3600,24,Off-topic,Off-topic,,,Sheet verdict kept: not woodwork Grace does.
kitchen cabinets brown,3600,39,DIY or product,DIY or product,,,"Shopping for stock kitchen cabinets, hardware or design ideas: retailers and showrooms own these; Grace builds and refinishes, it does not sell stock lines."
kitchen cabinets cleaner,3600,33,DIY or product,DIY or product,,,"Shopping for stock kitchen cabinets, hardware or design ideas: retailers and showrooms own these; Grace builds and refinishes, it does not sell stock lines."
kitchen cabinets glass,3600,49,DIY or product,DIY or product,,,"Shopping for stock kitchen cabinets, hardware or design ideas: retailers and showrooms own these; Grace builds and refinishes, it does not sell stock lines."
kitchen cabinets natural wood,3600,36,DIY or product,DIY or product,,,"Shopping for stock kitchen cabinets, hardware or design ideas: retailers and showrooms own these; Grace builds and refinishes, it does not sell stock lines."
kitchen cabinets new,3600,72,DIY or product,DIY or product,,,"Shopping for stock kitchen cabinets, hardware or design ideas: retailers and showrooms own these; Grace builds and refinishes, it does not sell stock lines."
kitchen cabinets pull out shelves,3600,37,DIY or product,DIY or product,,,"Shopping for stock kitchen cabinets, hardware or design ideas: retailers and showrooms own these; Grace builds and refinishes, it does not sell stock lines."
kitchen cabinets remodel,3600,37,DIY or product,DIY or product,,,"Shopping for stock kitchen cabinets, hardware or design ideas: retailers and showrooms own these; Grace builds and refinishes, it does not sell stock lines."
kitchen cabinets standard sizes,3600,47,DIY or product,DIY or product,,,"Shopping for stock kitchen cabinets, hardware or design ideas: retailers and showrooms own these; Grace builds and refinishes, it does not sell stock lines."
kitchen cabinets store near me,3600,67,Other place,DIY or product,,,"Shopping for stock kitchen cabinets, hardware or design ideas: retailers and showrooms own these; Grace builds and refinishes, it does not sell stock lines."
kitchen cabinets used for sale,3600,23,DIY or product,Off-topic,,,"Jobs, classes, videos, stairlifts or other searches that are not a customer hiring a woodwork shop."
wheel chair repair near me,3600,12,Off-topic,Off-topic,,,"Upholstery, leather, mechanisms or covers: not a service Grace has confirmed."
cabinet refacing contractors,2900,25,Service (no place),Service,/custom-cabinets/cabinet-refacing/,supporting,
can carpenter ants have wings,2900,40,Off-topic,Off-topic,,,Sheet verdict kept: not woodwork Grace does.
carpenter ant frass,2900,15,Off-topic,Off-topic,,,Sheet verdict kept: not woodwork Grace does.
carpenter bee holes,2900,34,Off-topic,Off-topic,,,Sheet verdict kept: not woodwork Grace does.
carpenter center,2900,34,Off-topic,Off-topic,,,Sheet verdict kept: not woodwork Grace does.
carpenter elementary,2900,37,Off-topic,Off-topic,,,Sheet verdict kept: not woodwork Grace does.
carpenter falls,2900,39,Off-topic,Off-topic,,,Sheet verdict kept: not woodwork Grace does.
carpenter hotel austin,2900,39,Off-topic,Other place,,,Names a place outside Grace's 15 East Texas towns.
carpenter nature center,2900,27,Off-topic,Off-topic,,,Sheet verdict kept: not woodwork Grace does.
carpenter pencil sharpener,2900,28,Off-topic,Off-topic,,,Sheet verdict kept: not woodwork Grace does.
carpenter realtors,2900,26,Off-topic,Off-topic,,,Sheet verdict kept: not woodwork Grace does.
carpenter theater,2900,34,Off-topic,Off-topic,,,Sheet verdict kept: not woodwork Grace does.
carpenter tool belt,2900,16,Off-topic,DIY or product,,,"A product, tool or material for doing it yourself: product pages win these, not a shop."
carpenter training,2900,59,Off-topic,Off-topic,,,Sheet verdict kept: not woodwork Grace does.
carpenter training center,2900,57,Off-topic,Off-topic,,,Sheet verdict kept: not woodwork Grace does.
carpenter union jobs,2900,21,Off-topic,Off-topic,,,"Jobs, classes, videos, stairlifts or other searches that are not a customer hiring a woodwork shop."
carpenter v united states,2900,57,Off-topic,Off-topic,,,Sheet verdict kept: not woodwork Grace does.
carpenter xmas song,2900,43,Off-topic,Off-topic,,,Sheet verdict kept: not woodwork Grace does.
custom cabinets shops near me,2900,53,Other place,Service near me,/custom-cabinets/,supporting,
custom dining table,2900,31,Service (no place),Service,/custom-furniture/custom-dining-tables/,target,
deck repair contractors,2900,10,Service (no place),Service,/deck-repair/,supporting,
furniture repair shop near me,2900,62,Other place,Service near me,/furniture-repair/,supporting,
furniture repair store,2900,56,DIY or product,Service,/furniture-repair/,supporting,
how much refinish wood floors,2900,19,Question,Off-topic,,,Floor refinishing: not a service Grace has confirmed.
kitchen cabinets light wood,2900,36,DIY or product,DIY or product,,,"Shopping for stock kitchen cabinets, hardware or design ideas: retailers and showrooms own these; Grace builds and refinishes, it does not sell stock lines."
kitchen cabinets liners,2900,44,DIY or product,DIY or product,,,"Shopping for stock kitchen cabinets, hardware or design ideas: retailers and showrooms own these; Grace builds and refinishes, it does not sell stock lines."
kitchen cabinets pictures,2900,43,DIY or product,DIY or product,,,"Shopping for stock kitchen cabinets, hardware or design ideas: retailers and showrooms own these; Grace builds and refinishes, it does not sell stock lines."
kitchen cabinets pull out drawers,2900,40,DIY or product,DIY or product,,,"Shopping for stock kitchen cabinets, hardware or design ideas: retailers and showrooms own these; Grace builds and refinishes, it does not sell stock lines."
kitchen cabinets set,2900,42,DIY or product,DIY or product,,,"Shopping for stock kitchen cabinets, hardware or design ideas: retailers and showrooms own these; Grace builds and refinishes, it does not sell stock lines."
kitchen cabinets stores,2900,63,DIY or product,DIY or product,,,"Shopping for stock kitchen cabinets, hardware or design ideas: retailers and showrooms own these; Grace builds and refinishes, it does not sell stock lines."
kitchen cabinets trim,2900,43,DIY or product,DIY or product,,,"Shopping for stock kitchen cabinets, hardware or design ideas: retailers and showrooms own these; Grace builds and refinishes, it does not sell stock lines."
tyler texas furniture stores,2900,26,East Texas,Off-topic,,,Off-topic or noise: not a search for woodwork Grace does.
cabinet paint behr,2400,29,Service (no place),Other business or brand,,,"Another company's name or a brand: searchers want that business, not Grace."
cane chair dining,2400,44,Service (no place),DIY or product,,,"Shopping for a new or project piece, not for repair."
carpenter ant treatment,2400,26,Off-topic,Off-topic,,,Sheet verdict kept: not woodwork Grace does.
carpenter def,2400,34,Off-topic,Off-topic,,,Sheet verdict kept: not woodwork Grace does.
carpenter duties,2400,19,Off-topic,Off-topic,,,Sheet verdict kept: not woodwork Grace does.
carpenter mechanical pencil,2400,15,Off-topic,Off-topic,,,Sheet verdict kept: not woodwork Grace does.
carpenter realty,2400,28,Off-topic,Off-topic,,,Sheet verdict kept: not woodwork Grace does.
carpenter shorts mens,2400,22,Off-topic,Off-topic,,,Sheet verdict kept: not woodwork Grace does.
carpenter stardew,2400,25,Off-topic,Other business or brand,,,"Another company's name or a brand: searchers want that business, not Grace."
carpenter union apprenticeship,2400,32,Off-topic,Off-topic,,,"Jobs, classes, videos, stairlifts or other searches that are not a customer hiring a woodwork shop."
carpenter work,2400,25,Service (no place),Service,/,supporting,
carpenter zuckerman & rowley,2400,32,Off-topic,Off-topic,,,Sheet verdict kept: not woodwork Grace does.
chair caning,2400,31,Service (no place),Service,/furniture-repair/chair-caning-and-repair/,target,
custom dining room table,2400,27,Service (no place),Service,/custom-furniture/custom-dining-tables/,supporting,
custom furniture near me,2400,47,Other place,Service near me,/custom-furniture/,supporting,
how kitchen cabinets are installed,2400,42,Question,DIY or product,,,"Shopping for stock kitchen cabinets, hardware or design ideas: retailers and showrooms own these; Grace builds and refinishes, it does not sell stock lines."
how to build a built in shelf,2400,18,Other place,DIY or product,,,"Do-it-yourself how-to: the plan does not publish step-by-step DIY repair, power-tool or structural instructions; pages answer the question and say when to call."
kitchen cabinets depth,2400,21,DIY or product,DIY or product,,,"Shopping for stock kitchen cabinets, hardware or design ideas: retailers and showrooms own these; Grace builds and refinishes, it does not sell stock lines."
kitchen cabinets images,2400,33,DIY or product,DIY or product,,,"Shopping for stock kitchen cabinets, hardware or design ideas: retailers and showrooms own these; Grace builds and refinishes, it does not sell stock lines."
kitchen cabinets manufacturers,2400,66,DIY or product,DIY or product,,,"Shopping for stock kitchen cabinets, hardware or design ideas: retailers and showrooms own these; Grace builds and refinishes, it does not sell stock lines."
kitchen cabinets painting cost,2400,27,DIY or product,Question,/custom-cabinets/cabinet-painting-cost/,supporting,
kitchen cabinets replacement,2400,58,DIY or product,DIY or product,,,"Shopping for stock kitchen cabinets, hardware or design ideas: retailers and showrooms own these; Grace builds and refinishes, it does not sell stock lines."
kitchen cabinets replacement cost,2400,24,DIY or product,DIY or product,,,"Shopping for stock kitchen cabinets, hardware or design ideas: retailers and showrooms own these; Grace builds and refinishes, it does not sell stock lines."
kitchen cabinets storage,2400,64,DIY or product,DIY or product,,,"Shopping for stock kitchen cabinets, hardware or design ideas: retailers and showrooms own these; Grace builds and refinishes, it does not sell stock lines."
kitchen cabinets top,2400,65,DIY or product,DIY or product,,,"Shopping for stock kitchen cabinets, hardware or design ideas: retailers and showrooms own these; Grace builds and refinishes, it does not sell stock lines."
kitchen cabinets vintage,2400,21,DIY or product,DIY or product,,,"Shopping for stock kitchen cabinets, hardware or design ideas: retailers and showrooms own these; Grace builds and refinishes, it does not sell stock lines."
kitchen cabinets vinyl wrap,2400,18,DIY or product,DIY or product,,,"A product, tool or material for doing it yourself: product pages win these, not a shop."
refinish table how to,2400,29,DIY or product,DIY or product,,,"Do-it-yourself how-to: the plan does not publish step-by-step DIY repair, power-tool or structural instructions; pages answer the question and say when to call."
where to buy kitchen cabinets doors only,2400,50,Question,DIY or product,,,"Shopping for stock kitchen cabinets, hardware or design ideas: retailers and showrooms own these; Grace builds and refinishes, it does not sell stock lines."
wood furniture repair near me,2400,24,Other place,Service near me,/furniture-repair/,supporting,
are carpenter bees pollinators,1900,45,Off-topic,Off-topic,,,Sheet verdict kept: not woodwork Grace does.
built in shelves in shower,1900,30,Off-topic,Off-topic,,,"Jobs, classes, videos, stairlifts or other searches that are not a customer hiring a woodwork shop."
built in shelves on wall,1900,45,Other place,Service,/custom-cabinets/built-in-shelves/,supporting,
cabinet paint for laminate,1900,36,Service (no place),DIY or product,,,"A product, tool or material for doing it yourself: product pages win these, not a shop."
carpenter bee killer,1900,21,Off-topic,Off-topic,,,Sheet verdict kept: not woodwork Grace does.
carpenter definition,1900,37,Off-topic,Off-topic,,,Sheet verdict kept: not woodwork Grace does.
carpenter greatest hits,1900,37,Off-topic,Off-topic,,,Sheet verdict kept: not woodwork Grace does.
carpenter hammer,1900,35,Off-topic,Off-topic,,,Sheet verdict kept: not woodwork Grace does.
carpenter job description,1900,32,Off-topic,Off-topic,,,"Jobs, classes, videos, stairlifts or other searches that are not a customer hiring a woodwork shop."
carpenter level,1900,47,Off-topic,Off-topic,,,Sheet verdict kept: not woodwork Grace does.
carpenter singer,1900,75,Off-topic,Off-topic,,,Sheet verdict kept: not woodwork Grace does.
carpenter syndrome,1900,36,Off-topic,Off-topic,,,Sheet verdict kept: not woodwork Grace does.
carpenter union pay,1900,23,Off-topic,Off-topic,,,"Jobs, classes, videos, stairlifts or other searches that are not a customer hiring a woodwork shop."
carpenter wasp,1900,17,Off-topic,Off-topic,,,Sheet verdict kept: not woodwork Grace does.
carpenter wrasse,1900,15,Off-topic,Off-topic,,,Sheet verdict kept: not woodwork Grace does.
custom cabinets garage,1900,44,Service (no place),Service,/custom-cabinets/,supporting,
custom furniture covers outdoor,1900,38,Service (no place),Off-topic,,,"Upholstery, leather, mechanisms or covers: not a service Grace has confirmed."
how much kitchen cabinets,1900,53,Question,DIY or product,,,"Shopping for stock kitchen cabinets, hardware or design ideas: retailers and showrooms own these; Grace builds and refinishes, it does not sell stock lines."
kitchen cabinets door knobs,1900,48,DIY or product,DIY or product,,,Sheet verdict kept: a product or do-it-yourself search.
kitchen cabinets knob placement,1900,36,DIY or product,DIY or product,,,Sheet verdict kept: a product or do-it-yourself search.
kitchen cabinets layout,1900,44,DIY or product,DIY or product,,,"Shopping for stock kitchen cabinets, hardware or design ideas: retailers and showrooms own these; Grace builds and refinishes, it does not sell stock lines."
kitchen cabinets lower,1900,44,Off-topic,Off-topic,,,Sheet verdict kept: not woodwork Grace does.
kitchen cabinets painting near me,1900,37,Other place,Service near me,/custom-cabinets/cabinet-painting/,supporting,
kitchen cabinets toe kick,1900,19,DIY or product,DIY or product,,,"Shopping for stock kitchen cabinets, hardware or design ideas: retailers and showrooms own these; Grace builds and refinishes, it does not sell stock lines."
kitchen cabinets types,1900,38,DIY or product,DIY or product,,,"Shopping for stock kitchen cabinets, hardware or design ideas: retailers and showrooms own these; Grace builds and refinishes, it does not sell stock lines."
kitchen cabinets yellow,1900,44,DIY or product,DIY or product,,,"Shopping for stock kitchen cabinets, hardware or design ideas: retailers and showrooms own these; Grace builds and refinishes, it does not sell stock lines."
are carpenter bees dangerous,1600,32,Off-topic,Off-topic,,,Sheet verdict kept: not woodwork Grace does.
built in shelves in closet,1600,29,Other place,Service,/custom-cabinets/built-in-shelves/,supporting,
cabinet paint at home depot,1600,31,Off-topic,Other business or brand,,,"Another company's name or a brand: searchers want that business, not Grace."
cabinet paint black,1600,33,Service (no place),Service,/custom-cabinets/cabinet-painting/,supporting,
cabinet painting prices,1600,30,Service (no place),Service,/custom-cabinets/cabinet-painting-cost/,target,
cane chair repair near me,1600,11,Other place,Service near me,/furniture-repair/chair-caning-and-repair/,supporting,
carpenter calculator,1600,34,Off-topic,Off-topic,,,Sheet verdict kept: not woodwork Grace does.
carpenter glue,1600,27,Off-topic,DIY or product,,,"A product, tool or material for doing it yourself: product pages win these, not a shop."
carpenter house,1600,35,Off-topic,Off-topic,,,Sheet verdict kept: not woodwork Grace does.
carpenter library,1600,39,Off-topic,Off-topic,,,Sheet verdict kept: not woodwork Grace does.
carpenter local union,1600,15,Off-topic,Off-topic,,,"Jobs, classes, videos, stairlifts or other searches that are not a customer hiring a woodwork shop."
carpenter queen bee,1600,36,Off-topic,Off-topic,,,Sheet verdict kept: not woodwork Grace does.
custom cabinets for garage,1600,34,Service (no place),Service,/custom-cabinets/,supporting,
custom cabinets price,1600,24,Service (no place),Service,/custom-cabinets/,supporting,
furniture repair wood,1600,20,Service (no place),Service,/furniture-repair/,supporting,
furniture restoration services,1600,22,Service (no place),Service,/furniture-repair/,supporting,
how much will kitchen cabinets cost,1600,33,Question,DIY or product,,,"Shopping for stock kitchen cabinets, hardware or design ideas: retailers and showrooms own these; Grace builds and refinishes, it does not sell stock lines."
kitchen cabinets amazon,1600,40,Off-topic,Other business or brand,,,"Another company's name or a brand: searchers want that business, not Grace."
kitchen cabinets assembled,1600,36,DIY or product,DIY or product,,,"Shopping for stock kitchen cabinets, hardware or design ideas: retailers and showrooms own these; Grace builds and refinishes, it does not sell stock lines."
kitchen cabinets for mobile homes,1600,23,Other place,Other place,,,Names a place outside Grace's 15 East Texas towns.
kitchen cabinets handles,1600,54,DIY or product,DIY or product,,,"Shopping for stock kitchen cabinets, hardware or design ideas: retailers and showrooms own these; Grace builds and refinishes, it does not sell stock lines."
kitchen cabinets home depot sale,1600,47,Off-topic,Other business or brand,,,"Another company's name or a brand: searchers want that business, not Grace."
kitchen cabinets in bathroom,1600,18,Other place,Other place,,,Names a place outside Grace's 15 East Texas towns.
kitchen cabinets laminate,1600,44,DIY or product,DIY or product,,,"Shopping for stock kitchen cabinets, hardware or design ideas: retailers and showrooms own these; Grace builds and refinishes, it does not sell stock lines."
kitchen cabinets near,1600,23,DIY or product,DIY or product,,,"Shopping for stock kitchen cabinets, hardware or design ideas: retailers and showrooms own these; Grace builds and refinishes, it does not sell stock lines."
kitchen cabinets outlets,1600,22,DIY or product,DIY or product,,,"Shopping for stock kitchen cabinets, hardware or design ideas: retailers and showrooms own these; Grace builds and refinishes, it does not sell stock lines."
kitchen cabinets repair,1600,19,DIY or product,Service,/custom-cabinets/,supporting,
table painting easel,1600,22,Off-topic,Off-topic,,,Sheet verdict kept: not woodwork Grace does.
why sabrina carpenter lyrics,1600,47,Off-topic,Off-topic,,,Sheet verdict kept: not woodwork Grace does.
wood furniture repair,1600,26,Service (no place),Service,/furniture-repair/,supporting,
wood wright shop,1600,16,Service (no place),Other business or brand,,,"Another company's name or a brand: searchers want that business, not Grace."
woodworking shop dust collection,1600,34,Service (no place),DIY or product,,,"Hobby woodworking shops, tools or the business of woodworking: not a customer looking for a shop to hire."
woodworking shop dust collection system,1600,33,Service (no place),DIY or product,,,"Hobby woodworking shops, tools or the business of woodworking: not a customer looking for a shop to hire."
antique furniture restoration,1300,23,Service (no place),Service,/furniture-repair/antique-furniture-restoration/,target,
are carpenter bees aggressive,1300,26,Off-topic,Off-topic,,,Sheet verdict kept: not woodwork Grace does.
built in shelves desk,1300,30,Other place,Service,/custom-cabinets/built-in-shelves/,supporting,
built in shelves garage,1300,36,Other place,Service,/custom-cabinets/built-in-shelves/,supporting,
cabinet painting price,1300,22,Service (no place),Question,/custom-cabinets/cabinet-painting-cost/,supporting,
cabinet painting primer,1300,24,DIY or product,DIY or product,,,"A product, tool or material for doing it yourself: product pages win these, not a shop."
cabinet paintings,1300,25,Service (no place),Service,/custom-cabinets/cabinet-painting/,supporting,
carpenter bags,1300,24,Off-topic,Off-topic,,,Sheet verdict kept: not woodwork Grace does.
carpenter belt,1300,14,Off-topic,Off-topic,,,Sheet verdict kept: not woodwork Grace does.
carpenter dental,1300,18,Off-topic,Off-topic,,,Sheet verdict kept: not woodwork Grace does.
carpenter handyman near me,1300,28,Other place,Service near me,/,supporting,
carpenter jean shorts,1300,17,Off-topic,Off-topic,,,Sheet verdict kept: not woodwork Grace does.
carpenter jorts,1300,49,Off-topic,Off-topic,,,Sheet verdict kept: not woodwork Grace does.
carpenter journeyman,1300,28,Off-topic,Off-topic,,,Sheet verdict kept: not woodwork Grace does.
carpenter shop stardew,1300,24,Off-topic,Other business or brand,,,"Another company's name or a brand: searchers want that business, not Grace."
carpenter songs list,1300,47,Off-topic,Off-topic,,,Sheet verdict kept: not woodwork Grace does.
custom cabinets costco,1300,24,Off-topic,Other business or brand,,,"Another company's name or a brand: searchers want that business, not Grace."
custom furniture making,1300,27,Service (no place),Service,/custom-furniture/,supporting,
custom furniture wood,1300,32,Service (no place),Service,/custom-furniture/,supporting,
furniture refinishing services,1300,25,Service (no place),Service,/furniture-repair/furniture-refinishing/,supporting,
furniture refinishing tools,1300,24,DIY or product,DIY or product,,,"A product, tool or material for doing it yourself: product pages win these, not a shop."
furniture repair services,1300,34,Service (no place),Service,/furniture-repair/,supporting,
how to build shelves in garage,1300,40,Other place,Other place,,,Names a place outside Grace's 15 East Texas towns.
kitchen cabinets locks,1300,40,DIY or product,DIY or product,,,"Shopping for stock kitchen cabinets, hardware or design ideas: retailers and showrooms own these; Grace builds and refinishes, it does not sell stock lines."
kitchen cabinets modern design,1300,52,DIY or product,DIY or product,,,"Shopping for stock kitchen cabinets, hardware or design ideas: retailers and showrooms own these; Grace builds and refinishes, it does not sell stock lines."
kitchen cabinets nearby,1300,43,DIY or product,DIY or product,,,"Shopping for stock kitchen cabinets, hardware or design ideas: retailers and showrooms own these; Grace builds and refinishes, it does not sell stock lines."
kitchen cabinets stand alone,1300,36,DIY or product,DIY or product,,,"A product, tool or material for doing it yourself: product pages win these, not a shop."
kitchen cabinets wholesale near me,1300,45,Other place,DIY or product,,,"Shopping for stock kitchen cabinets, hardware or design ideas: retailers and showrooms own these; Grace builds and refinishes, it does not sell stock lines."
table restoration hardware,1300,44,DIY or product,Other business or brand,,,"Another company's name or a brand: searchers want that business, not Grace."
woodworking shop jigs,1300,44,Service (no place),DIY or product,,,"Hobby woodworking shops, tools or the business of woodworking: not a customer looking for a shop to hire."
antique furniture repair near me,1000,19,Other place,Service near me,/furniture-repair/antique-furniture-restoration/,supporting,
built in shelves bathroom,1000,38,Other place,Service,/custom-cabinets/built-in-shelves/,supporting,
cabinet paint grey,1000,44,Service (no place),Service,/custom-cabinets/cabinet-painting/,supporting,
cabinet paint white,1000,27,Service (no place),Service,/custom-cabinets/cabinet-painting/,supporting,
cabinet painting before and after,1000,23,Service (no place),Service,/custom-cabinets/cabinet-painting/,supporting,
cabinet refacing at home depot,1000,34,Off-topic,Other business or brand,,,"Another company's name or a brand: searchers want that business, not Grace."
cane chair repair,1000,23,Service (no place),Service,/furniture-repair/chair-caning-and-repair/,supporting,
carpenter entry level jobs,1000,25,Off-topic,Off-topic,,,"Jobs, classes, videos, stairlifts or other searches that are not a customer hiring a woodwork shop."
carpenter gothic,1000,35,Off-topic,Off-topic,,,Sheet verdict kept: not woodwork Grace does.
carpenter in spanish,1000,20,Off-topic,Off-topic,,,Sheet verdict kept: not woodwork Grace does.
carpenter jacket,1000,28,Off-topic,Off-topic,,,Sheet verdict kept: not woodwork Grace does.
carpenter logo,1000,26,Off-topic,Off-topic,,,Sheet verdict kept: not woodwork Grace does.
carpenter square tool,1000,30,Off-topic,DIY or product,,,"A product, tool or material for doing it yourself: product pages win these, not a shop."
carpenter star quilt pattern,1000,38,Off-topic,Off-topic,,,Sheet verdict kept: not woodwork Grace does.
carpenter tool bags,1000,11,Off-topic,DIY or product,,,"A product, tool or material for doing it yourself: product pages win these, not a shop."
carpenter trade,1000,34,Off-topic,Off-topic,,,Sheet verdict kept: not woodwork Grace does.
carpenter union hall,1000,14,Off-topic,Off-topic,,,"Jobs, classes, videos, stairlifts or other searches that are not a customer hiring a woodwork shop."
chair repair,1000,18,Service (no place),Service,/furniture-repair/chair-caning-and-repair/,supporting,
custom cabinets home depot,1000,40,Off-topic,Other business or brand,,,"Another company's name or a brand: searchers want that business, not Grace."
custom furniture builder,1000,27,Service (no place),Service,/custom-furniture/,supporting,
furniture repair bank,1000,27,Service (no place),Other business or brand,,,"Another company's name or a brand: searchers want that business, not Grace."
how to do cabinet refacing,1000,25,Question,Question,/custom-cabinets/what-is-cabinet-refacing/,supporting,
kitchen cabinets at walmart,1000,26,Off-topic,Other business or brand,,,"Another company's name or a brand: searchers want that business, not Grace."
kitchen cabinets cheap near me,1000,66,Other place,DIY or product,,,"Shopping for stock kitchen cabinets, hardware or design ideas: retailers and showrooms own these; Grace builds and refinishes, it does not sell stock lines."
kitchen cabinets design ideas,1000,66,DIY or product,DIY or product,,,"Do-it-yourself how-to: the plan does not publish step-by-step DIY repair, power-tool or structural instructions; pages answer the question and say when to call."
kitchen cabinets design tool,1000,49,DIY or product,DIY or product,,,"A product, tool or material for doing it yourself: product pages win these, not a shop."
kitchen cabinets gel stain,1000,33,DIY or product,DIY or product,,,Sheet verdict kept: a product or do-it-yourself search.
kitchen cabinets kings,1000,47,DIY or product,Other business or brand,,,"Another company's name or a brand: searchers want that business, not Grace."
kitchen cabinets knobs and handles,1000,57,DIY or product,DIY or product,,,"Shopping for stock kitchen cabinets, hardware or design ideas: retailers and showrooms own these; Grace builds and refinishes, it does not sell stock lines."
kitchen cabinets lowes in stock,1000,43,Off-topic,Other business or brand,,,"Another company's name or a brand: searchers want that business, not Grace."
kitchen cabinets online,1000,61,DIY or product,DIY or product,,,"Shopping for stock kitchen cabinets, hardware or design ideas: retailers and showrooms own these; Grace builds and refinishes, it does not sell stock lines."
kitchen cabinets refinishing near me,1000,31,Other place,Service near me,/custom-cabinets/cabinet-painting/,supporting,
kitchen cabinets repair near me,1000,40,Other place,Service near me,/custom-cabinets/,supporting,
restored furniture near me,1000,64,Other place,Service near me,/furniture-repair/,supporting,
where buy kitchen cabinets,1000,68,Question,DIY or product,,,"Shopping for stock kitchen cabinets, hardware or design ideas: retailers and showrooms own these; Grace builds and refinishes, it does not sell stock lines."
wood furniture refinishing near me,1000,18,Other place,Service near me,/furniture-repair/furniture-refinishing/,supporting,
wood shop ideas,1000,36,DIY or product,DIY or product,,,"Hobby woodworking shops, tools or the business of woodworking: not a customer looking for a shop to hire."
woodworking shop for beginners,1000,38,Service (no place),DIY or product,,,"Hobby woodworking shops, tools or the business of woodworking: not a customer looking for a shop to hire."
cabinet paint brown,880,44,Service (no place),Service,/custom-cabinets/cabinet-painting/,supporting,
cabinet painting kit,880,23,DIY or product,DIY or product,,,"A product, tool or material for doing it yourself: product pages win these, not a shop."
cabinet painting professional,880,33,Service (no place),Service,/custom-cabinets/cabinet-painting/,supporting,
cabinet painting service,880,27,Service (no place),Service,/custom-cabinets/cabinet-painting/,supporting,
can carpenter ants fly,880,39,Off-topic,Off-topic,,,Sheet verdict kept: not woodwork Grace does.
carpenter ants poison,880,34,Off-topic,Off-topic,,,Sheet verdict kept: not woodwork Grace does.
carpenter construction,880,11,Off-topic,Off-topic,,,Sheet verdict kept: not woodwork Grace does.
carpenter fish,880,15,Off-topic,Off-topic,,,Sheet verdict kept: not woodwork Grace does.
carpenter insurance,880,22,Off-topic,Off-topic,,,Sheet verdict kept: not woodwork Grace does.
carpenter union jobs near me,880,13,Off-topic,Off-topic,,,"Jobs, classes, videos, stairlifts or other searches that are not a customer hiring a woodwork shop."
carpenter wy,880,26,Off-topic,Off-topic,,,Sheet verdict kept: not woodwork Grace does.
custom cabinets design,880,20,Service (no place),Service,/custom-cabinets/,supporting,
custom cabinets for laundry room,880,15,Service (no place),Service,/custom-cabinets/,supporting,
custom cabinets online,880,36,Service (no place),DIY or product,,,"Online or mass-produced custom products, or materials Grace does not work in (glass, metal, granite, laser-cut, lighted signs)."
furniture refinishing cost,880,25,Service (no place),Service,/furniture-repair/furniture-refinishing-cost/,target,
furniture refinishing how to,880,29,DIY or product,DIY or product,,,"Do-it-yourself how-to: the plan does not publish step-by-step DIY repair, power-tool or structural instructions; pages answer the question and say when to call."
furniture repair and upholstery,880,27,Service (no place),Off-topic,,,"Upholstery, leather, mechanisms or covers: not a service Grace has confirmed."
furniture repair and upholstery near me,880,24,Other place,Off-topic,,,"Upholstery, leather, mechanisms or covers: not a service Grace has confirmed."
kitchen cabinets color combination pictures,880,34,DIY or product,DIY or product,,,"Shopping for stock kitchen cabinets, hardware or design ideas: retailers and showrooms own these; Grace builds and refinishes, it does not sell stock lines."
kitchen cabinets covers,880,44,DIY or product,Off-topic,,,"Upholstery, leather, mechanisms or covers: not a service Grace has confirmed."
kitchen cabinets for sale near me,880,70,Other place,DIY or product,,,"Shopping for stock kitchen cabinets, hardware or design ideas: retailers and showrooms own these; Grace builds and refinishes, it does not sell stock lines."
kitchen cabinets garage,880,58,DIY or product,DIY or product,,,"Shopping for stock kitchen cabinets, hardware or design ideas: retailers and showrooms own these; Grace builds and refinishes, it does not sell stock lines."
kitchen cabinets glass front,880,36,DIY or product,DIY or product,,,"Shopping for stock kitchen cabinets, hardware or design ideas: retailers and showrooms own these; Grace builds and refinishes, it does not sell stock lines."
kitchen cabinets materials,880,11,DIY or product,DIY or product,,,"Shopping for stock kitchen cabinets, hardware or design ideas: retailers and showrooms own these; Grace builds and refinishes, it does not sell stock lines."
kitchen cabinets on clearance,880,36,DIY or product,DIY or product,,,"Shopping for stock kitchen cabinets, hardware or design ideas: retailers and showrooms own these; Grace builds and refinishes, it does not sell stock lines."
lowe's custom cabinets,880,43,Off-topic,Other business or brand,,,"Another company's name or a brand: searchers want that business, not Grace."
porch repair,880,17,Service (no place),Service,/porch-repair/,target,
porch screen repair,880,29,Service (no place),Off-topic,,,"Screens, masonry, roofing or full replacement: outside the porch and deck repair Grace confirmed."
table refinishing,880,32,Service (no place),Service,/furniture-repair/table-refinishing/,target,
what is cabinet resurfacing,880,19,Question,Question,/custom-cabinets/what-is-cabinet-refacing/,target,
will carpenter bees sting you,880,33,Off-topic,Off-topic,,,Sheet verdict kept: not woodwork Grace does.
woodworkers shop,880,57,Service (no place),DIY or product,,,"Hobby woodworking shops, tools or the business of woodworking: not a customer looking for a shop to hire."
woodworking shop projects,880,36,Service (no place),DIY or product,,,"Hobby woodworking shops, tools or the business of woodworking: not a customer looking for a shop to hire."
woodworking shop tools list,880,25,DIY or product,DIY or product,,,"Hobby woodworking shops, tools or the business of woodworking: not a customer looking for a shop to hire."
woodworking supply stores,880,31,DIY or product,DIY or product,,,"Hobby woodworking shops, tools or the business of woodworking: not a customer looking for a shop to hire."
built in shelves decor ideas,720,34,Other place,DIY or product,,,"Do-it-yourself how-to: the plan does not publish step-by-step DIY repair, power-tool or structural instructions; pages answer the question and say when to call."
built in shelves with fireplace,720,41,Other place,Service,/custom-cabinets/built-in-shelves/,supporting,
cabinet paint enamel,720,44,Service (no place),DIY or product,,,"A product, tool or material for doing it yourself: product pages win these, not a shop."
cabinet paint green,720,23,Service (no place),Service,/custom-cabinets/cabinet-painting/,supporting,
cabinet paint touch up,720,30,Service (no place),DIY or product,,,"A product, tool or material for doing it yourself: product pages win these, not a shop."
cabinet painting roller,720,42,Service (no place),DIY or product,,,"A product, tool or material for doing it yourself: product pages win these, not a shop."
cane chair black,720,22,Service (no place),DIY or product,,,"Shopping for a new or project piece, not for repair."
carpenter career,720,50,Off-topic,Off-topic,,,Sheet verdict kept: not woodwork Grace does.
carpenter gifts,720,25,Off-topic,Off-topic,,,Sheet verdict kept: not woodwork Grace does.
carpenter in my area,720,28,Off-topic,Off-topic,,,Sheet verdict kept: not woodwork Grace does.
carpenter license,720,49,Off-topic,Off-topic,,,Sheet verdict kept: not woodwork Grace does.
carpenter measuring tape,720,30,Off-topic,DIY or product,,,"A product, tool or material for doing it yourself: product pages win these, not a shop."
carpenter nature preserve,720,31,Off-topic,Off-topic,,,Sheet verdict kept: not woodwork Grace does.
carpenter pouches,720,27,Off-topic,Off-topic,,,Sheet verdict kept: not woodwork Grace does.
carpenter vise,720,38,Off-topic,Off-topic,,,Sheet verdict kept: not woodwork Grace does.
carpenter work pants,720,25,Off-topic,Off-topic,,,"Jobs, classes, videos, stairlifts or other searches that are not a customer hiring a woodwork shop."
custom cabinets bathroom,720,62,Service (no place),Service,/custom-cabinets/,supporting,
custom cabinets company,720,46,Service (no place),Other business or brand,,,"Another company's name or a brand: searchers want that business, not Grace."
custom furniture company,720,28,Service (no place),Service,/custom-furniture/,supporting,
custom wood name signs,720,36,Service (no place),Service,/custom-signs/,supporting,
furniture restoration hardware,720,44,DIY or product,Other business or brand,,,"Another company's name or a brand: searchers want that business, not Grace."
how much paint cabinets,720,18,Question,Question,/custom-cabinets/cabinet-painting-cost/,supporting,
kitchen cabinets 10x10,720,19,DIY or product,DIY or product,,,"Shopping for stock kitchen cabinets, hardware or design ideas: retailers and showrooms own these; Grace builds and refinishes, it does not sell stock lines."
kitchen cabinets 12 inches deep,720,33,DIY or product,DIY or product,,,"Shopping for stock kitchen cabinets, hardware or design ideas: retailers and showrooms own these; Grace builds and refinishes, it does not sell stock lines."
kitchen cabinets bottom,720,36,DIY or product,DIY or product,,,"Shopping for stock kitchen cabinets, hardware or design ideas: retailers and showrooms own these; Grace builds and refinishes, it does not sell stock lines."
kitchen cabinets brands,720,39,DIY or product,DIY or product,,,"Shopping for stock kitchen cabinets, hardware or design ideas: retailers and showrooms own these; Grace builds and refinishes, it does not sell stock lines."
kitchen cabinets european style,720,23,DIY or product,DIY or product,,,"Shopping for stock kitchen cabinets, hardware or design ideas: retailers and showrooms own these; Grace builds and refinishes, it does not sell stock lines."
kitchen cabinets from china,720,19,DIY or product,DIY or product,,,"Shopping for stock kitchen cabinets, hardware or design ideas: retailers and showrooms own these; Grace builds and refinishes, it does not sell stock lines."
kitchen cabinets full set,720,55,DIY or product,DIY or product,,,"Shopping for stock kitchen cabinets, hardware or design ideas: retailers and showrooms own these; Grace builds and refinishes, it does not sell stock lines."
kitchen cabinets hardware near me,720,36,Other place,DIY or product,,,"Shopping for stock kitchen cabinets, hardware or design ideas: retailers and showrooms own these; Grace builds and refinishes, it does not sell stock lines."
kitchen cabinets knotty pine,720,36,DIY or product,DIY or product,,,"Shopping for stock kitchen cabinets, hardware or design ideas: retailers and showrooms own these; Grace builds and refinishes, it does not sell stock lines."
kitchen cabinets layout ideas,720,34,DIY or product,DIY or product,,,"Do-it-yourself how-to: the plan does not publish step-by-step DIY repair, power-tool or structural instructions; pages answer the question and say when to call."
kitchen cabinets quality,720,33,DIY or product,DIY or product,,,"Shopping for stock kitchen cabinets, hardware or design ideas: retailers and showrooms own these; Grace builds and refinishes, it does not sell stock lines."
kitchen cabinets rta,720,52,DIY or product,DIY or product,,,"Shopping for stock kitchen cabinets, hardware or design ideas: retailers and showrooms own these; Grace builds and refinishes, it does not sell stock lines."
kitchen cabinets with sink and countertop,720,43,DIY or product,DIY or product,,,"Shopping for stock kitchen cabinets, hardware or design ideas: retailers and showrooms own these; Grace builds and refinishes, it does not sell stock lines."
what carpenter ants do,720,14,Off-topic,Off-topic,,,Sheet verdict kept: not woodwork Grace does.
why carpenter pencil flat,720,22,Off-topic,Off-topic,,,Sheet verdict kept: not woodwork Grace does.
woodworking shop furniture,720,44,Service (no place),DIY or product,,,"Hobby woodworking shops, tools or the business of woodworking: not a customer looking for a shop to hire."
woodworking shop table plans,720,35,DIY or product,DIY or product,,,"Hobby woodworking shops, tools or the business of woodworking: not a customer looking for a shop to hire."
are carpenter bees bad,590,27,Off-topic,Off-topic,,,Sheet verdict kept: not woodwork Grace does.
built in shelves with desk,590,34,Other place,Service,/custom-cabinets/built-in-shelves/,supporting,
cabinet paint blue,590,22,Service (no place),Service,/custom-cabinets/cabinet-painting/,supporting,
cabinet refacing services,590,19,Service (no place),Service,/custom-cabinets/cabinet-refacing/,supporting,
carpenter 405,590,17,Off-topic,Off-topic,,,Sheet verdict kept: not woodwork Grace does.
carpenter 713,590,16,Off-topic,Off-topic,,,Sheet verdict kept: not woodwork Grace does.
carpenter clamps,590,41,Off-topic,Off-topic,,,Sheet verdict kept: not woodwork Grace does.
carpenter classes,590,26,Off-topic,Off-topic,,,"Jobs, classes, videos, stairlifts or other searches that are not a customer hiring a woodwork shop."
carpenter helper jobs,590,23,Off-topic,Off-topic,,,"Jobs, classes, videos, stairlifts or other searches that are not a customer hiring a woodwork shop."
carpenter jobs hiring near me,590,23,Off-topic,Off-topic,,,"Jobs, classes, videos, stairlifts or other searches that are not a customer hiring a woodwork shop."
carpenter metals,590,38,Off-topic,Off-topic,,,Sheet verdict kept: not woodwork Grace does.
carpenter movies,590,41,Off-topic,Off-topic,,,Sheet verdict kept: not woodwork Grace does.
carpenter nails,590,37,Off-topic,Off-topic,,,Sheet verdict kept: not woodwork Grace does.
carpenter racing,590,49,Off-topic,Off-topic,,,Sheet verdict kept: not woodwork Grace does.
carpenter tape,590,18,Off-topic,DIY or product,,,"A product, tool or material for doing it yourself: product pages win these, not a shop."
carpenter tools list,590,23,Off-topic,DIY or product,,,"A product, tool or material for doing it yourself: product pages win these, not a shop."
carpenter union pay scale,590,12,Off-topic,Off-topic,,,"Jobs, classes, videos, stairlifts or other searches that are not a customer hiring a woodwork shop."
carpenter way,590,24,Off-topic,Off-topic,,,Sheet verdict kept: not woodwork Grace does.
custom cabinets closet,590,44,Service (no place),Service,/custom-cabinets/,supporting,
custom cabinets doors near me,590,36,Other place,Service near me,/custom-cabinets/,supporting,
custom cabinets for bathroom,590,27,Service (no place),Service,/custom-cabinets/,supporting,
custom cabinets makers near me,590,28,Other place,Service near me,/custom-cabinets/,supporting,
custom wood furniture near me,590,21,Other place,Service near me,/custom-furniture/,supporting,
deck repair companies near me,590,21,Other place,Service near me,/deck-repair/,supporting,
deck repair handyman,590,22,Service (no place),Service,/deck-repair/,supporting,
deck repair service,590,40,Service (no place),Service,/deck-repair/,supporting,
dining table dimensions for 6,590,14,Service (no place),Question,/custom-furniture/dining-table-size-for-8/,supporting,
furniture repair kit,590,31,DIY or product,DIY or product,,,"A product, tool or material for doing it yourself: product pages win these, not a shop."
how to build shelves in a closet,590,28,Other place,Other place,,,Names a place outside Grace's 15 East Texas towns.
kitchen cabinets best price,590,64,DIY or product,DIY or product,,,"Shopping for stock kitchen cabinets, hardware or design ideas: retailers and showrooms own these; Grace builds and refinishes, it does not sell stock lines."
kitchen cabinets end panels,590,36,DIY or product,DIY or product,,,"Shopping for stock kitchen cabinets, hardware or design ideas: retailers and showrooms own these; Grace builds and refinishes, it does not sell stock lines."
kitchen cabinets high,590,39,DIY or product,DIY or product,,,"Shopping for stock kitchen cabinets, hardware or design ideas: retailers and showrooms own these; Grace builds and refinishes, it does not sell stock lines."
kitchen cabinets knobs or handles,590,36,Other place,Other place,,,Names a place outside Grace's 15 East Texas towns.
kitchen cabinets on legs,590,36,DIY or product,DIY or product,,,"Shopping for stock kitchen cabinets, hardware or design ideas: retailers and showrooms own these; Grace builds and refinishes, it does not sell stock lines."
kitchen cabinets under sink,590,36,DIY or product,DIY or product,,,"Shopping for stock kitchen cabinets, hardware or design ideas: retailers and showrooms own these; Grace builds and refinishes, it does not sell stock lines."
kitchen cabinets with countertops,590,32,DIY or product,DIY or product,,,"Shopping for stock kitchen cabinets, hardware or design ideas: retailers and showrooms own these; Grace builds and refinishes, it does not sell stock lines."
personalized wood signs for home,590,36,Service (no place),Service,/custom-signs/,supporting,
rejuvenate wood furniture & floor repair markers,590,22,DIY or product,Other business or brand,,,"Another company's name or a brand: searchers want that business, not Grace."
table painting ideas,590,50,DIY or product,Off-topic,,,Off-topic or noise: not a search for woodwork Grace does.
where do carpenter bees live,590,47,Off-topic,Off-topic,,,Sheet verdict kept: not woodwork Grace does.
who sabrina carpenter dating,590,30,Off-topic,Off-topic,,,Sheet verdict kept: not woodwork Grace does.
wood furniture repair glue,590,28,DIY or product,DIY or product,,,"A product, tool or material for doing it yourself: product pages win these, not a shop."
wood shop apron,590,20,Service (no place),DIY or product,,,"Hobby woodworking shops, tools or the business of woodworking: not a customer looking for a shop to hire."
built in shelves decor,480,36,Other place,DIY or product,,,"Do-it-yourself how-to: the plan does not publish step-by-step DIY repair, power-tool or structural instructions; pages answer the question and say when to call."
built in shelves ideas,480,43,Other place,DIY or product,,,"Do-it-yourself how-to: the plan does not publish step-by-step DIY repair, power-tool or structural instructions; pages answer the question and say when to call."
cabinet paint finish,480,42,Service (no place),Service,/custom-cabinets/cabinet-painting/,supporting,
cabinet painting denver,480,16,Other place,Other place,,,Names a place outside Grace's 15 East Texas towns.
cane chair upholstery,480,23,Service (no place),Off-topic,,,"Upholstery, leather, mechanisms or covers: not a service Grace has confirmed."
carpenter ants vs sugar ants,480,13,Off-topic,Off-topic,,,Sheet verdict kept: not woodwork Grace does.
carpenter bees vs honey bees,480,20,Off-topic,Off-topic,,,Sheet verdict kept: not woodwork Grace does.
carpenter co pillows,480,22,Off-topic,Off-topic,,,Sheet verdict kept: not woodwork Grace does.
carpenter coral island,480,26,Off-topic,Off-topic,,,Sheet verdict kept: not woodwork Grace does.
carpenter detroit tigers,480,55,Off-topic,Other place,,,Names a place outside Grace's 15 East Texas towns.
carpenter education requirements,480,21,Off-topic,Off-topic,,,Sheet verdict kept: not woodwork Grace does.
carpenter gloves,480,21,Off-topic,Off-topic,,,Sheet verdict kept: not woodwork Grace does.
carpenter helper,480,21,Off-topic,Off-topic,,,Sheet verdict kept: not woodwork Grace does.
carpenter knife,480,27,Off-topic,Off-topic,,,Sheet verdict kept: not woodwork Grace does.
carpenter moth,480,34,Off-topic,Off-topic,,,Sheet verdict kept: not woodwork Grace does.
carpenter resume,480,27,Off-topic,Off-topic,,,Sheet verdict kept: not woodwork Grace does.
carpenter resume example,480,16,Off-topic,Off-topic,,,Sheet verdict kept: not woodwork Grace does.
carpenter tool pouch,480,17,Off-topic,DIY or product,,,"A product, tool or material for doing it yourself: product pages win these, not a shop."
carpenter vest,480,21,Off-topic,Off-topic,,,Sheet verdict kept: not woodwork Grace does.
carpenter work near me,480,23,Other place,Service near me,/,supporting,
carpenter yesterday once more lyrics,480,30,Off-topic,Off-topic,,,Sheet verdict kept: not woodwork Grace does.
carpenter youtube,480,51,Off-topic,Off-topic,,,"Jobs, classes, videos, stairlifts or other searches that are not a customer hiring a woodwork shop."
custom cabinets for mudroom,480,20,Service (no place),Service,/custom-cabinets/,supporting,
custom cabinets for office,480,27,Service (no place),Service,/custom-cabinets/,supporting,
custom cabinets in san antonio,480,21,Other place,Other place,,,Names a place outside Grace's 15 East Texas towns.
custom hardwood dining table,480,33,Service (no place),Service,/custom-furniture/custom-dining-tables/,supporting,
custom wood home signs,480,32,Service (no place),Service,/custom-signs/,supporting,
deck repair paint,480,35,Service (no place),Service,/deck-repair/,supporting,
deck repair tools,480,20,DIY or product,DIY or product,,,"A product, tool or material for doing it yourself: product pages win these, not a shop."
deck repair wood,480,27,Service (no place),Service,/deck-repair/,supporting,
dining table dimensions for 8,480,36,Service (no place),Question,/custom-furniture/dining-table-size-for-8/,supporting,
furniture refinishing supplies,480,26,DIY or product,DIY or product,,,"A product, tool or material for doing it yourself: product pages win these, not a shop."
furniture restoration polish,480,44,DIY or product,DIY or product,,,"A product, tool or material for doing it yourself: product pages win these, not a shop."
how to build custom cabinets,480,29,Question,DIY or product,,,"Do-it-yourself how-to: the plan does not publish step-by-step DIY repair, power-tool or structural instructions; pages answer the question and say when to call."
kitchen cabinets handles and knobs,480,45,DIY or product,DIY or product,,,"Shopping for stock kitchen cabinets, hardware or design ideas: retailers and showrooms own these; Grace builds and refinishes, it does not sell stock lines."
kitchen cabinets hinges types,480,22,DIY or product,DIY or product,,,"Shopping for stock kitchen cabinets, hardware or design ideas: retailers and showrooms own these; Grace builds and refinishes, it does not sell stock lines."
kitchen cabinets mats,480,44,DIY or product,DIY or product,,,"Shopping for stock kitchen cabinets, hardware or design ideas: retailers and showrooms own these; Grace builds and refinishes, it does not sell stock lines."
kitchen cabinets molding,480,31,DIY or product,DIY or product,,,"Shopping for stock kitchen cabinets, hardware or design ideas: retailers and showrooms own these; Grace builds and refinishes, it does not sell stock lines."
kitchen cabinets on a budget,480,37,DIY or product,DIY or product,,,"Shopping for stock kitchen cabinets, hardware or design ideas: retailers and showrooms own these; Grace builds and refinishes, it does not sell stock lines."
kitchen cabinets pictures gallery,480,39,DIY or product,DIY or product,,,"Shopping for stock kitchen cabinets, hardware or design ideas: retailers and showrooms own these; Grace builds and refinishes, it does not sell stock lines."
kitchen cabinets vaulted ceiling,480,30,DIY or product,DIY or product,,,"Shopping for stock kitchen cabinets, hardware or design ideas: retailers and showrooms own these; Grace builds and refinishes, it does not sell stock lines."
kitchen cabinets vinyl,480,44,DIY or product,DIY or product,,,"Shopping for stock kitchen cabinets, hardware or design ideas: retailers and showrooms own these; Grace builds and refinishes, it does not sell stock lines."
refinishing a table top,480,23,Service (no place),Service,/furniture-repair/table-refinishing/,supporting,
wheel chair repair shop near me,480,21,Off-topic,Off-topic,,,"Upholstery, leather, mechanisms or covers: not a service Grace has confirmed."
wood furniture repair kit,480,28,DIY or product,DIY or product,,,"A product, tool or material for doing it yourself: product pages win these, not a shop."
wood furniture restoration near me,480,24,Other place,Service near me,/furniture-repair/,supporting,
wood shop air filter,480,29,Service (no place),DIY or product,,,"Hobby woodworking shops, tools or the business of woodworking: not a customer looking for a shop to hire."
wood shop air filtration,480,25,Service (no place),DIY or product,,,"Hobby woodworking shops, tools or the business of woodworking: not a customer looking for a shop to hire."
woodworking shop vacuum system,480,33,Service (no place),DIY or product,,,"Hobby woodworking shops, tools or the business of woodworking: not a customer looking for a shop to hire."
are carpenter bees friendly,390,27,Off-topic,Off-topic,,,Sheet verdict kept: not woodwork Grace does.
are carpenter bees good,390,42,Off-topic,Off-topic,,,Sheet verdict kept: not woodwork Grace does.
built in shelves by fireplace,390,36,Other place,Service,/custom-cabinets/built-in-shelves/,supporting,
built in shelves corner,390,33,Other place,Service,/custom-cabinets/built-in-shelves/,supporting,
built in shelves ikea,390,36,Off-topic,Other business or brand,,,"Another company's name or a brand: searchers want that business, not Grace."
cabinet paint espresso,390,26,Service (no place),Service,/custom-cabinets/cabinet-painting/,supporting,
cabinet refacing at lowes,390,31,Off-topic,Other business or brand,,,"Another company's name or a brand: searchers want that business, not Grace."
can carpenter ants sting,390,19,Off-topic,Off-topic,,,Sheet verdict kept: not woodwork Grace does.
carpenter description,390,40,Off-topic,Off-topic,,,Sheet verdict kept: not woodwork Grace does.
carpenter electric,390,24,Off-topic,Off-topic,,,Sheet verdict kept: not woodwork Grace does.
carpenter foreman,390,21,Off-topic,Off-topic,,,Sheet verdict kept: not woodwork Grace does.
carpenter foundation,390,32,Off-topic,Off-topic,,,"Screens, masonry, roofing or full replacement: outside the porch and deck repair Grace confirmed."
carpenter gothic house,390,33,Off-topic,Off-topic,,,Sheet verdict kept: not woodwork Grace does.
carpenter hat,390,16,Off-topic,Off-topic,,,Sheet verdict kept: not woodwork Grace does.
carpenter outfit,390,27,Off-topic,Off-topic,,,Sheet verdict kept: not woodwork Grace does.
carpenter pencil g10,390,23,Off-topic,Off-topic,,,Sheet verdict kept: not woodwork Grace does.
carpenter quests ffxiv,390,24,Off-topic,Off-topic,,,Sheet verdict kept: not woodwork Grace does.
carpenter spider,390,29,Off-topic,Off-topic,,,Sheet verdict kept: not woodwork Grace does.
carpenter wage,390,20,Off-topic,Off-topic,,,Sheet verdict kept: not woodwork Grace does.
chair leather repair kit,390,35,DIY or product,Off-topic,,,"Upholstery, leather, mechanisms or covers: not a service Grace has confirmed."
chair repair shop near me,390,24,Other place,Service near me,/furniture-repair/chair-caning-and-repair/,supporting,
chair repair wood,390,21,Service (no place),Service,/furniture-repair/chair-caning-and-repair/,supporting,
custom cabinets austin,390,19,Other place,Other place,,,Names a place outside Grace's 15 East Texas towns.
custom cabinets cost per linear foot,390,25,Service (no place),Service,/custom-cabinets/,supporting,
custom cabinets denver co,390,35,Other place,Other place,,,Names a place outside Grace's 15 East Texas towns.
custom cabinets houston,390,22,Other place,Other place,,,Names a place outside Grace's 15 East Texas towns.
custom cabinets in los angeles,390,31,Other place,Other place,,,Names a place outside Grace's 15 East Texas towns.
custom cabinets phoenix,390,25,Other place,Other place,,,Names a place outside Grace's 15 East Texas towns.
deck repair cost calculator,390,27,Service (no place),Service,/deck-repair/,supporting,
furniture refinishing products,390,33,DIY or product,DIY or product,,,"A product, tool or material for doing it yourself: product pages win these, not a shop."
furniture repair in chicago,390,21,Other place,Other place,,,Names a place outside Grace's 15 East Texas towns.
furniture repair markers,390,23,DIY or product,DIY or product,,,"A product, tool or material for doing it yourself: product pages win these, not a shop."
furniture repair wood filler,390,18,DIY or product,DIY or product,,,"A product, tool or material for doing it yourself: product pages win these, not a shop."
furniture restoration tools,390,23,DIY or product,DIY or product,,,"A product, tool or material for doing it yourself: product pages win these, not a shop."
furniture tyler,390,47,East Texas,Off-topic,,,Off-topic or noise: not a search for woodwork Grace does.
kitchen cabinets 2026,390,13,DIY or product,DIY or product,,,"Shopping for stock kitchen cabinets, hardware or design ideas: retailers and showrooms own these; Grace builds and refinishes, it does not sell stock lines."
kitchen cabinets 42 inch,390,36,DIY or product,DIY or product,,,"Shopping for stock kitchen cabinets, hardware or design ideas: retailers and showrooms own these; Grace builds and refinishes, it does not sell stock lines."
kitchen cabinets 9 foot ceiling,390,36,DIY or product,DIY or product,,,"Shopping for stock kitchen cabinets, hardware or design ideas: retailers and showrooms own these; Grace builds and refinishes, it does not sell stock lines."
kitchen cabinets for sale cheap,390,49,DIY or product,DIY or product,,,"Shopping for stock kitchen cabinets, hardware or design ideas: retailers and showrooms own these; Grace builds and refinishes, it does not sell stock lines."
kitchen cabinets for small spaces,390,32,DIY or product,DIY or product,,,"Shopping for stock kitchen cabinets, hardware or design ideas: retailers and showrooms own these; Grace builds and refinishes, it does not sell stock lines."
kitchen cabinets ideas for small kitchen,390,40,DIY or product,DIY or product,,,"Do-it-yourself how-to: the plan does not publish step-by-step DIY repair, power-tool or structural instructions; pages answer the question and say when to call."
kitchen cabinets kit,390,56,DIY or product,DIY or product,,,"A product, tool or material for doing it yourself: product pages win these, not a shop."
kitchen cabinets knobs or pulls,390,36,Other place,Other place,,,Names a place outside Grace's 15 East Texas towns.
kitchen cabinets made in usa,390,28,Other place,Other place,,,Names a place outside Grace's 15 East Texas towns.
kitchen cabinets makers,390,18,DIY or product,DIY or product,,,"Shopping for stock kitchen cabinets, hardware or design ideas: retailers and showrooms own these; Grace builds and refinishes, it does not sell stock lines."
kitchen cabinets refacing near me,390,32,Other place,Service near me,/custom-cabinets/cabinet-refacing/,supporting,
porch screen repair near me,390,20,Other place,Off-topic,,,"Screens, masonry, roofing or full replacement: outside the porch and deck repair Grace confirmed."
repair deck board,390,25,Service (no place),Service,/deck-repair/,supporting,
what carpenter bees eat,390,37,Off-topic,Off-topic,,,Sheet verdict kept: not woodwork Grace does.
woodworking shop brooklyn,390,20,Other place,Other place,,,Names a place outside Grace's 15 East Texas towns.
woodworking shop table,390,29,Service (no place),DIY or product,,,"Hobby woodworking shops, tools or the business of woodworking: not a customer looking for a shop to hire."
woodworking shops for rent,390,18,Service (no place),DIY or product,,,"Hobby woodworking shops, tools or the business of woodworking: not a customer looking for a shop to hire."
antique chair for restoration,320,31,Service (no place),DIY or product,,,"Shopping for a new or project piece, not for repair."
are carpenter ants as bad as termites,320,14,Off-topic,Off-topic,,,Sheet verdict kept: not woodwork Grace does.
built in shelves for bedroom,320,34,Other place,Service,/custom-cabinets/built-in-shelves/,supporting,
built in shelves lighting,320,29,Other place,Service,/custom-cabinets/built-in-shelves/,supporting,
cabinet paint menards,320,20,Off-topic,Other business or brand,,,"Another company's name or a brand: searchers want that business, not Grace."
cabinet paint type,320,36,Service (no place),Service,/custom-cabinets/cabinet-painting/,supporting,
cabinet painting supplies,320,20,DIY or product,DIY or product,,,"A product, tool or material for doing it yourself: product pages win these, not a shop."
can carpenter ants bite humans,320,20,Off-topic,Off-topic,,,Sheet verdict kept: not woodwork Grace does.
cane chair high back,320,26,Service (no place),DIY or product,,,"Shopping for a new or project piece, not for repair."
carpenter decorating,320,37,Off-topic,DIY or product,,,"Do-it-yourself how-to: the plan does not publish step-by-step DIY repair, power-tool or structural instructions; pages answer the question and say when to call."
carpenter degree,320,23,Off-topic,Off-topic,,,Sheet verdict kept: not woodwork Grace does.
carpenter frog,320,41,Off-topic,Off-topic,,,Sheet verdict kept: not woodwork Grace does.
carpenter helper jobs near me,320,22,Off-topic,Off-topic,,,"Jobs, classes, videos, stairlifts or other searches that are not a customer hiring a woodwork shop."
carpenter hourly rate,320,26,Service (no place),Service,,,Asks for an hourly rate; Grace quotes each job and publishes no rates.
carpenter knee pads,320,33,Off-topic,Off-topic,,,Sheet verdict kept: not woodwork Grace does.
carpenter last name origin,320,30,Off-topic,Off-topic,,,Sheet verdict kept: not woodwork Grace does.
carpenter music,320,69,Off-topic,Off-topic,,,Sheet verdict kept: not woodwork Grace does.
carpenter outfit osrs,320,15,Off-topic,Off-topic,,,Sheet verdict kept: not woodwork Grace does.
carpenter overalls,320,26,Off-topic,Off-topic,,,Sheet verdict kept: not woodwork Grace does.
carpenter pencil holder,320,22,Off-topic,Off-topic,,,Sheet verdict kept: not woodwork Grace does.
carpenter village cary nc,320,14,Off-topic,Other place,,,Names a place outside Grace's 15 East Texas towns.
carpenter vs us,320,45,Off-topic,Off-topic,,,Sheet verdict kept: not woodwork Grace does.
carpenter watches,320,24,Off-topic,Off-topic,,,Sheet verdict kept: not woodwork Grace does.
carpenter worm moth,320,13,Off-topic,Off-topic,,,Sheet verdict kept: not woodwork Grace does.
carpenters way church,320,26,Off-topic,Off-topic,,,Sheet verdict kept: not woodwork Grace does.
custom cabinets chicago,320,26,Other place,Other place,,,Names a place outside Grace's 15 East Texas towns.
custom cabinets nyc,320,35,Other place,Other place,,,Names a place outside Grace's 15 East Texas towns.
custom cabinets online order,320,27,Service (no place),DIY or product,,,"Online or mass-produced custom products, or materials Grace does not work in (glass, metal, granite, laser-cut, lighted signs)."
custom cabinets rta,320,47,Service (no place),DIY or product,,,"Online or mass-produced custom products, or materials Grace does not work in (glass, metal, granite, laser-cut, lighted signs)."
custom furniture design,320,41,Service (no place),Service,/custom-furniture/,supporting,
custom furniture la,320,42,Other place,Other place,,,Names a place outside Grace's 15 East Texas towns.
custom furniture manufacturers,320,43,Service (no place),DIY or product,,,"Online or mass-produced custom products, or materials Grace does not work in (glass, metal, granite, laser-cut, lighted signs)."
custom furniture stores,320,35,DIY or product,DIY or product,,,"Online or mass-produced custom products, or materials Grace does not work in (glass, metal, granite, laser-cut, lighted signs)."
custom wood table top,320,13,Service (no place),Service,/custom-furniture/custom-dining-tables/,supporting,
deck joist repair,320,27,Service (no place),Service,/deck-repair/,supporting,
deck repair chicago,320,20,Other place,Other place,,,Names a place outside Grace's 15 East Texas towns.
deck repair contractors near me,320,22,Other place,Service near me,/deck-repair/,supporting,
deck repair in atlanta,320,27,Other place,Other place,,,Names a place outside Grace's 15 East Texas towns.
furniture refinishing diy,320,16,DIY or product,DIY or product,,,"Do-it-yourself how-to: the plan does not publish step-by-step DIY repair, power-tool or structural instructions; pages answer the question and say when to call."
furniture refinishing in my area,320,27,Other place,Service,/furniture-repair/furniture-refinishing/,supporting,
furniture repair houston,320,21,Other place,Other place,,,Names a place outside Grace's 15 East Texas towns.
furniture repair in home,320,49,Other place,Other place,,,Names a place outside Grace's 15 East Texas towns.
furniture repair marker,320,26,DIY or product,DIY or product,,,"A product, tool or material for doing it yourself: product pages win these, not a shop."
furniture repair mobile,320,14,Other place,Other place,,,Names a place outside Grace's 15 East Texas towns.
furniture repair restoration,320,23,Service (no place),Service,/furniture-repair/,supporting,
furniture restoration & repair,320,15,Service (no place),Service,/furniture-repair/,supporting,
furniture tyler tx,320,27,East Texas,Off-topic,,,Off-topic or noise: not a search for woodwork Grace does.
how often refinish wood floors,320,6,Question,Off-topic,,,Floor refinishing: not a service Grace has confirmed.
how to build shelves in a shed,320,36,Other place,Other place,,,Names a place outside Grace's 15 East Texas towns.
kitchen cabinets 2 different colors,320,36,DIY or product,DIY or product,,,"Shopping for stock kitchen cabinets, hardware or design ideas: retailers and showrooms own these; Grace builds and refinishes, it does not sell stock lines."
kitchen cabinets 24 inches wide,320,30,DIY or product,DIY or product,,,"Shopping for stock kitchen cabinets, hardware or design ideas: retailers and showrooms own these; Grace builds and refinishes, it does not sell stock lines."
kitchen cabinets clearance,320,55,DIY or product,DIY or product,,,"Shopping for stock kitchen cabinets, hardware or design ideas: retailers and showrooms own these; Grace builds and refinishes, it does not sell stock lines."
kitchen cabinets ebay,320,44,DIY or product,Other business or brand,,,"Another company's name or a brand: searchers want that business, not Grace."
kitchen cabinets extra storage,320,72,DIY or product,DIY or product,,,"Shopping for stock kitchen cabinets, hardware or design ideas: retailers and showrooms own these; Grace builds and refinishes, it does not sell stock lines."
kitchen cabinets jacksonville,320,33,Other place,Other place,,,Names a place outside Grace's 15 East Texas towns.
kitchen cabinets no handles,320,31,DIY or product,DIY or product,,,"Shopping for stock kitchen cabinets, hardware or design ideas: retailers and showrooms own these; Grace builds and refinishes, it does not sell stock lines."
kitchen cabinets outlet near me,320,44,Other place,DIY or product,,,"Shopping for stock kitchen cabinets, hardware or design ideas: retailers and showrooms own these; Grace builds and refinishes, it does not sell stock lines."
kitchen cabinets that go to the ceiling,320,28,DIY or product,DIY or product,,,"Shopping for stock kitchen cabinets, hardware or design ideas: retailers and showrooms own these; Grace builds and refinishes, it does not sell stock lines."
kitchen cabinets to go,320,34,DIY or product,Other business or brand,,,"Another company's name or a brand: searchers want that business, not Grace."
where do carpenter ants come from,320,44,Off-topic,Off-topic,,,Sheet verdict kept: not woodwork Grace does.
where do carpenter ants live,320,58,Off-topic,Off-topic,,,Sheet verdict kept: not woodwork Grace does.
wood shop organization,320,32,Service (no place),DIY or product,,,"Hobby woodworking shops, tools or the business of woodworking: not a customer looking for a shop to hire."
wood work shop near me,320,21,Other place,Service near me,/,supporting,
are carpenter bee stings dangerous,260,29,Off-topic,Off-topic,,,Sheet verdict kept: not woodwork Grace does.
built in shelves bedroom,260,32,Other place,Service,/custom-cabinets/built-in-shelves/,supporting,
built in shelves beside fireplace,260,30,Other place,Service,/custom-cabinets/built-in-shelves/,supporting,
built in shelves for office,260,36,Other place,Service,/custom-cabinets/built-in-shelves/,supporting,
built in shelves how to,260,45,Other place,DIY or product,,,"Do-it-yourself how-to: the plan does not publish step-by-step DIY repair, power-tool or structural instructions; pages answer the question and say when to call."
built in shelves with cabinets,260,22,Other place,Service,/custom-cabinets/built-in-shelves/,supporting,
cabinet paint ace hardware,260,27,DIY or product,Other business or brand,,,"Another company's name or a brand: searchers want that business, not Grace."
cabinet paint no prep,260,26,Service (no place),DIY or product,,,"A product, tool or material for doing it yourself: product pages win these, not a shop."
cabinet paint options,260,50,Service (no place),DIY or product,,,"A product, tool or material for doing it yourself: product pages win these, not a shop."
can carpenter ants kill a tree,260,31,Off-topic,Off-topic,,,Sheet verdict kept: not woodwork Grace does.
can kitchen cabinets be painted,260,53,Question,Service,/custom-cabinets/cabinet-painting/,supporting,
cane chair repair kit,260,21,DIY or product,DIY or product,,,"A product, tool or material for doing it yourself: product pages win these, not a shop."
cane furniture restoration,260,30,Service (no place),Service,/furniture-repair/chair-caning-and-repair/,supporting,
carpenter cat,260,23,Off-topic,Off-topic,,,Sheet verdict kept: not woodwork Grace does.
carpenter ffxiv,260,27,Off-topic,Off-topic,,,Sheet verdict kept: not woodwork Grace does.
carpenter fly,260,13,Off-topic,Off-topic,,,Sheet verdict kept: not woodwork Grace does.
carpenter for hire,260,23,Service (no place),Service,/,supporting,
carpenter horses,260,35,Off-topic,Off-topic,,,Sheet verdict kept: not woodwork Grace does.
carpenter in the bible,260,25,Off-topic,Off-topic,,,Sheet verdict kept: not woodwork Grace does.
carpenter iowa,260,25,Off-topic,Other place,,,Names a place outside Grace's 15 East Texas towns.
carpenter jean shorts mens,260,20,Off-topic,Off-topic,,,Sheet verdict kept: not woodwork Grace does.
carpenter jokes,260,26,Off-topic,Off-topic,,,Sheet verdict kept: not woodwork Grace does.
carpenter last name,260,26,Off-topic,Off-topic,,,Sheet verdict kept: not woodwork Grace does.
carpenter law firm,260,43,Off-topic,Off-topic,,,Sheet verdict kept: not woodwork Grace does.
carpenter meme,260,30,Off-topic,Off-topic,,,Sheet verdict kept: not woodwork Grace does.
carpenter nail bags,260,15,Off-topic,Off-topic,,,Sheet verdict kept: not woodwork Grace does.
carpenter quilts,260,27,Off-topic,Off-topic,,,Sheet verdict kept: not woodwork Grace does.
carpenter v united states summary,260,48,Off-topic,Off-topic,,,Sheet verdict kept: not woodwork Grace does.
carpenter yearly salary,260,30,Off-topic,Off-topic,,,"Jobs, classes, videos, stairlifts or other searches that are not a customer hiring a woodwork shop."
chair caning how to,260,29,DIY or product,DIY or product,,,"Do-it-yourself how-to: the plan does not publish step-by-step DIY repair, power-tool or structural instructions; pages answer the question and say when to call."
chair caning repair kit,260,15,DIY or product,DIY or product,,,"A product, tool or material for doing it yourself: product pages win these, not a shop."
chair lift repair,260,29,Off-topic,Off-topic,,,"Jobs, classes, videos, stairlifts or other searches that are not a customer hiring a woodwork shop."
custom cabinets dallas,260,30,Other place,Other place,,,Names a place outside Grace's 15 East Texas towns.
custom cabinets denver,260,27,Other place,Other place,,,Names a place outside Grace's 15 East Texas towns.
custom cabinets diy,260,42,DIY or product,DIY or product,,,"Do-it-yourself how-to: the plan does not publish step-by-step DIY repair, power-tool or structural instructions; pages answer the question and say when to call."
custom cabinets for tv,260,36,Off-topic,Service,/custom-cabinets/,supporting,
custom cabinets in san diego,260,35,Other place,Other place,,,Names a place outside Grace's 15 East Texas towns.
custom cabinets las vegas,260,27,Other place,Other place,,,Names a place outside Grace's 15 East Texas towns.
custom cabinets los angeles,260,22,Other place,Other place,,,Names a place outside Grace's 15 East Texas towns.
custom cabinets nashville,260,24,Other place,Other place,,,Names a place outside Grace's 15 East Texas towns.
custom cabinets orlando,260,21,Other place,Other place,,,Names a place outside Grace's 15 East Texas towns.
custom cabinets sacramento,260,28,Other place,Other place,,,Names a place outside Grace's 15 East Texas towns.
custom cabinets san antonio,260,19,Other place,Other place,,,Names a place outside Grace's 15 East Texas towns.
custom cabinets utah,260,23,Service (no place),Other place,,,Names a place outside Grace's 15 East Texas towns.
custom dining tables near me,260,38,Other place,Service near me,/custom-furniture/custom-dining-tables/,supporting,
custom furniture builder near me,260,27,Other place,Service near me,/custom-furniture/,supporting,
custom furniture dallas tx,260,36,Other place,Other place,,,Names a place outside Grace's 15 East Texas towns.
custom furniture nyc,260,18,Other place,Other place,,,Names a place outside Grace's 15 East Texas towns.
custom wooden engraved signs,260,32,Service (no place),Service,/custom-signs/,supporting,
deck repair how to,260,13,DIY or product,DIY or product,,,"Do-it-yourself how-to: the plan does not publish step-by-step DIY repair, power-tool or structural instructions; pages answer the question and say when to call."
furniture refinishing & repair,260,17,Service (no place),Service,/furniture-repair/furniture-refinishing/,supporting,
furniture refinishing classes near me,260,14,Off-topic,Off-topic,,,"Jobs, classes, videos, stairlifts or other searches that are not a customer hiring a woodwork shop."
furniture refinishing paint,260,30,Service (no place),Service,/furniture-repair/furniture-refinishing/,supporting,
furniture refinishing sander,260,19,DIY or product,DIY or product,,,"A product, tool or material for doing it yourself: product pages win these, not a shop."
furniture repair and restoration near me,260,12,Other place,Service near me,/furniture-repair/,supporting,
furniture repair atlanta ga,260,22,Other place,Other place,,,Names a place outside Grace's 15 East Texas towns.
furniture repair austin,260,23,Other place,Other place,,,Names a place outside Grace's 15 East Texas towns.
furniture repair expert,260,26,Service (no place),Service,/furniture-repair/,supporting,
furniture repair in san antonio,260,20,Other place,Other place,,,Names a place outside Grace's 15 East Texas towns.
furniture repair los angeles,260,21,Other place,Other place,,,Names a place outside Grace's 15 East Texas towns.
furniture repair specialist,260,47,Service (no place),Service,/furniture-repair/,supporting,
furniture restoration houston tx,260,22,Other place,Other place,,,Names a place outside Grace's 15 East Texas towns.
furniture restoration los angeles,260,18,Other place,Other place,,,Names a place outside Grace's 15 East Texas towns.
furniture restoration products,260,28,DIY or product,DIY or product,,,"A product, tool or material for doing it yourself: product pages win these, not a shop."
how much do built in shelves cost,260,35,Other place,Service,/custom-cabinets/built-in-shelves/,supporting,
how to build in shelves into walls,260,40,Other place,Other place,,,Names a place outside Grace's 15 East Texas towns.
how to repair furniture veneer,260,15,Question,Question,/furniture-repair/furniture-veneer-repair/,target,
kitchen cabinets 36,260,31,DIY or product,DIY or product,,,"Shopping for stock kitchen cabinets, hardware or design ideas: retailers and showrooms own these; Grace builds and refinishes, it does not sell stock lines."
kitchen cabinets base,260,26,DIY or product,DIY or product,,,"Shopping for stock kitchen cabinets, hardware or design ideas: retailers and showrooms own these; Grace builds and refinishes, it does not sell stock lines."
kitchen cabinets direct,260,55,DIY or product,Other business or brand,,,"Another company's name or a brand: searchers want that business, not Grace."
kitchen cabinets discount,260,43,DIY or product,DIY or product,,,"Shopping for stock kitchen cabinets, hardware or design ideas: retailers and showrooms own these; Grace builds and refinishes, it does not sell stock lines."
kitchen cabinets distributors,260,23,DIY or product,DIY or product,,,"Shopping for stock kitchen cabinets, hardware or design ideas: retailers and showrooms own these; Grace builds and refinishes, it does not sell stock lines."
kitchen cabinets in spanish,260,21,Other place,Other place,,,Names a place outside Grace's 15 East Texas towns.
kitchen cabinets in stock near me,260,62,Other place,DIY or product,,,"Shopping for stock kitchen cabinets, hardware or design ideas: retailers and showrooms own these; Grace builds and refinishes, it does not sell stock lines."
kitchen cabinets jacksonville fl,260,27,Other place,Other place,,,Names a place outside Grace's 15 East Texas towns.
kitchen cabinets knoxville tn,260,20,Other place,Other place,,,Names a place outside Grace's 15 East Texas towns.
kitchen cabinets l shaped design,260,18,DIY or product,DIY or product,,,Sheet verdict kept: a product or do-it-yourself search.
kitchen cabinets lowes sale,260,36,Off-topic,Other business or brand,,,"Another company's name or a brand: searchers want that business, not Grace."
kitchen cabinets order online,260,57,DIY or product,DIY or product,,,"Shopping for stock kitchen cabinets, hardware or design ideas: retailers and showrooms own these; Grace builds and refinishes, it does not sell stock lines."
kitchen cabinets pulls,260,34,DIY or product,DIY or product,,,"Shopping for stock kitchen cabinets, hardware or design ideas: retailers and showrooms own these; Grace builds and refinishes, it does not sell stock lines."
kitchen cabinets two colors,260,37,DIY or product,DIY or product,,,"Shopping for stock kitchen cabinets, hardware or design ideas: retailers and showrooms own these; Grace builds and refinishes, it does not sell stock lines."
quatrine custom furniture,260,28,Service (no place),Other business or brand,,,"Another company's name or a brand: searchers want that business, not Grace."
seat repair kit,260,29,DIY or product,Off-topic,,,"Upholstery, leather, mechanisms or covers: not a service Grace has confirmed."
thomas johnson antique furniture restoration,260,32,Service (no place),Other business or brand,,,"Another company's name or a brand: searchers want that business, not Grace."
when do carpenter bees come out,260,18,Off-topic,Off-topic,,,Sheet verdict kept: not woodwork Grace does.
where sabrina carpenter from,260,43,Off-topic,Off-topic,,,Sheet verdict kept: not woodwork Grace does.
wood shop organization ideas,260,41,DIY or product,DIY or product,,,"Hobby woodworking shops, tools or the business of woodworking: not a customer looking for a shop to hire."
woodworking shop cabinets,260,19,Service (no place),DIY or product,,,"Hobby woodworking shops, tools or the business of woodworking: not a customer looking for a shop to hire."
woodworking shop designs,260,40,Service (no place),DIY or product,,,"Hobby woodworking shops, tools or the business of woodworking: not a customer looking for a shop to hire."
woodworking shop layout plans,260,46,DIY or product,DIY or product,,,"Hobby woodworking shops, tools or the business of woodworking: not a customer looking for a shop to hire."
woodworking shop nyc,260,44,Other place,Other place,,,Names a place outside Grace's 15 East Texas towns.
woodworking shop stool,260,44,DIY or product,DIY or product,,,"Hobby woodworking shops, tools or the business of woodworking: not a customer looking for a shop to hire."
antique furniture for restoration,210,12,Service (no place),DIY or product,,,"Shopping for a new or project piece, not for repair."
antiques & furniture restoration inc,210,21,Service (no place),Other business or brand,,,"Another company's name or a brand: searchers want that business, not Grace."
are carpenter bees solitary,210,52,Off-topic,Off-topic,,,Sheet verdict kept: not woodwork Grace does.
built in shelves drywall,210,29,Other place,DIY or product,,,"Do-it-yourself how-to: the plan does not publish step-by-step DIY repair, power-tool or structural instructions; pages answer the question and say when to call."
built in shelves plans,210,36,Other place,DIY or product,,,"Do-it-yourself how-to: the plan does not publish step-by-step DIY repair, power-tool or structural instructions; pages answer the question and say when to call."
built in shelves with tv,210,44,Off-topic,Service,/custom-cabinets/built-in-shelves/,supporting,
cabinet makers el paso texas,210,15,Other place,Other place,,,Names a place outside Grace's 15 East Texas towns.
cabinet paint top coat,210,27,Service (no place),Service,/custom-cabinets/cabinet-painting/,supporting,
carpenter 158 steel,210,18,Off-topic,Off-topic,,,Sheet verdict kept: not woodwork Grace does.
carpenter ant vs fire ant,210,14,Off-topic,Off-topic,,,Sheet verdict kept: not woodwork Grace does.
carpenter coustan criteria,210,24,Off-topic,Off-topic,,,Sheet verdict kept: not woodwork Grace does.
carpenter industries,210,34,Off-topic,Off-topic,,,Sheet verdict kept: not woodwork Grace does.
carpenter laborer,210,22,Off-topic,Off-topic,,,Sheet verdict kept: not woodwork Grace does.
carpenter measuring tools,210,16,Off-topic,DIY or product,,,"A product, tool or material for doing it yourself: product pages win these, not a shop."
carpenter pants near me,210,25,Off-topic,Off-topic,,,Sheet verdict kept: not woodwork Grace does.
carpenter quotes,210,27,Off-topic,Off-topic,,,Sheet verdict kept: not woodwork Grace does.
carpenter union benefits,210,44,Off-topic,Off-topic,,,"Jobs, classes, videos, stairlifts or other searches that are not a customer hiring a woodwork shop."
carpenter union salary,210,17,Off-topic,Off-topic,,,"Jobs, classes, videos, stairlifts or other searches that are not a customer hiring a woodwork shop."
carpenter what do they do,210,32,Off-topic,Off-topic,,,Sheet verdict kept: not woodwork Grace does.
chair leg repair,210,30,Service (no place),Service,/furniture-repair/chair-caning-and-repair/,supporting,
chair repair springs,210,24,Service (no place),Off-topic,,,"Upholstery, leather, mechanisms or covers: not a service Grace has confirmed."
chair replacement fabric,210,22,Service (no place),Off-topic,,,"Upholstery, leather, mechanisms or covers: not a service Grace has confirmed."
chair replacement parts,210,32,DIY or product,DIY or product,,,"A product, tool or material for doing it yourself: product pages win these, not a shop."
custom cabinets for bedroom,210,36,Service (no place),Service,/custom-cabinets/,supporting,
custom cabinets for living room,210,27,Service (no place),Service,/custom-cabinets/,supporting,
custom cabinets jacksonville,210,31,Other place,Other place,,,Names a place outside Grace's 15 East Texas towns.
custom cabinets kansas city,210,42,Other place,Other place,,,Names a place outside Grace's 15 East Texas towns.
custom cabinets seattle,210,39,Other place,Other place,,,Names a place outside Grace's 15 East Texas towns.
custom cabinets tampa,210,23,Other place,Other place,,,Names a place outside Grace's 15 East Texas towns.
custom furniture dog crate,210,23,Off-topic,Off-topic,,,"Jobs, classes, videos, stairlifts or other searches that are not a customer hiring a woodwork shop."
custom furniture for restaurants,210,38,Off-topic,Off-topic,,,"Jobs, classes, videos, stairlifts or other searches that are not a customer hiring a woodwork shop."
custom furniture houston tx,210,36,Other place,Other place,,,Names a place outside Grace's 15 East Texas towns.
custom furniture ikea,210,62,Off-topic,Other business or brand,,,"Another company's name or a brand: searchers want that business, not Grace."
custom wood engraved signs,210,28,Service (no place),Service,/custom-signs/,supporting,
custom wood signs business,210,24,Service (no place),DIY or product,,,"Hobby woodworking shops, tools or the business of woodworking: not a customer looking for a shop to hire."
custom wood table near me,210,19,Other place,Service near me,/custom-furniture/custom-dining-tables/,supporting,
deck repair in colorado springs,210,23,Other place,Other place,,,Names a place outside Grace's 15 East Texas towns.
deck repair permit,210,15,Service (no place),Service,/deck-repair/,supporting,
deck repair wood filler,210,36,DIY or product,DIY or product,,,"A product, tool or material for doing it yourself: product pages win these, not a shop."
furniture refinishing ideas,210,44,DIY or product,DIY or product,,,"Do-it-yourself how-to: the plan does not publish step-by-step DIY repair, power-tool or structural instructions; pages answer the question and say when to call."
furniture refinishing repair,210,20,Service (no place),Service,/furniture-repair/furniture-refinishing/,supporting,
furniture repair austin tx,210,22,Other place,Other place,,,Names a place outside Grace's 15 East Texas towns.
furniture repair charlotte nc,210,24,Other place,Other place,,,Names a place outside Grace's 15 East Texas towns.
furniture repair dallas,210,31,Other place,Other place,,,Names a place outside Grace's 15 East Texas towns.
furniture repair dallas tx,210,27,Other place,Other place,,,Names a place outside Grace's 15 East Texas towns.
furniture repair denver,210,23,Other place,Other place,,,Names a place outside Grace's 15 East Texas towns.
furniture repair jobs,210,19,Off-topic,Off-topic,,,"Jobs, classes, videos, stairlifts or other searches that are not a customer hiring a woodwork shop."
furniture repair nyc,210,26,Other place,Other place,,,Names a place outside Grace's 15 East Texas towns.
furniture repair orlando fl,210,23,Other place,Other place,,,Names a place outside Grace's 15 East Texas towns.
furniture repair refinishing,210,28,Service (no place),Service,/furniture-repair/furniture-refinishing/,supporting,
furniture repair tape,210,26,DIY or product,DIY or product,,,"A product, tool or material for doing it yourself: product pages win these, not a shop."
furniture restoration chicago,210,22,Other place,Other place,,,Names a place outside Grace's 15 East Texas towns.
furniture restoration portland oregon,210,31,Other place,Other place,,,Names a place outside Grace's 15 East Texas towns.
how many carpenter bees are in a nest,210,25,Off-topic,Off-topic,,,Sheet verdict kept: not woodwork Grace does.
how much does cabinet refinishing cost,210,20,Question,Question,/custom-cabinets/cabinet-painting-cost/,supporting,
how much kitchen cabinets cost,210,22,Question,DIY or product,,,"Shopping for stock kitchen cabinets, hardware or design ideas: retailers and showrooms own these; Grace builds and refinishes, it does not sell stock lines."
how paint cabinets white,210,26,Question,Service,/custom-cabinets/cabinet-painting/,supporting,
how to repair chair caning,210,17,Question,Question,/furniture-repair/how-chair-caning-is-repaired/,target,
how to repair deck,210,29,Question,DIY or product,,,"Do-it-yourself how-to: the plan does not publish step-by-step DIY repair, power-tool or structural instructions; pages answer the question and say when to call."
kitchen cabinets 18 inches deep,210,21,DIY or product,DIY or product,,,"Shopping for stock kitchen cabinets, hardware or design ideas: retailers and showrooms own these; Grace builds and refinishes, it does not sell stock lines."
kitchen cabinets 60,210,44,DIY or product,DIY or product,,,"Shopping for stock kitchen cabinets, hardware or design ideas: retailers and showrooms own these; Grace builds and refinishes, it does not sell stock lines."
kitchen cabinets brackets,210,28,DIY or product,DIY or product,,,"Shopping for stock kitchen cabinets, hardware or design ideas: retailers and showrooms own these; Grace builds and refinishes, it does not sell stock lines."
kitchen cabinets el paso tx,210,18,Other place,Other place,,,Names a place outside Grace's 15 East Texas towns.
kitchen cabinets express,210,37,DIY or product,Other business or brand,,,"Another company's name or a brand: searchers want that business, not Grace."
kitchen cabinets express inc,210,15,DIY or product,Other business or brand,,,"Another company's name or a brand: searchers want that business, not Grace."
kitchen cabinets knobs vs handles,210,36,Question,DIY or product,,,"Shopping for stock kitchen cabinets, hardware or design ideas: retailers and showrooms own these; Grace builds and refinishes, it does not sell stock lines."
kitchen cabinets makers near me,210,46,Other place,Service near me,/custom-cabinets/,supporting,
kitchen cabinets queens,210,26,Other place,Other place,,,Names a place outside Grace's 15 East Texas towns.
kitchen cabinets quotation,210,18,DIY or product,DIY or product,,,"Shopping for stock kitchen cabinets, hardware or design ideas: retailers and showrooms own these; Grace builds and refinishes, it does not sell stock lines."
kitchen cabinets usa,210,55,DIY or product,DIY or product,,,"Shopping for stock kitchen cabinets, hardware or design ideas: retailers and showrooms own these; Grace builds and refinishes, it does not sell stock lines."
kitchen cabinets youngstown ohio,210,16,DIY or product,Other place,,,Names a place outside Grace's 15 East Texas towns.
refinishing a table with veneer top,210,14,Service (no place),Service,/furniture-repair/table-refinishing/,supporting,
semi custom cabinets near me,210,33,Other place,DIY or product,,,"Shopping for stock kitchen cabinets, hardware or design ideas: retailers and showrooms own these; Grace builds and refinishes, it does not sell stock lines."
what carpenter ants eat,210,36,Off-topic,Off-topic,,,Sheet verdict kept: not woodwork Grace does.
what size dining table seats 8,210,22,Question,Question,/custom-furniture/dining-table-size-for-8/,target,
wheel chair repair shop,210,12,Off-topic,Off-topic,,,"Upholstery, leather, mechanisms or covers: not a service Grace has confirmed."
where do carpenter bees go in the winter,210,27,Off-topic,Off-topic,,,Sheet verdict kept: not woodwork Grace does.
where do carpenter bees nest,210,38,Off-topic,Off-topic,,,Sheet verdict kept: not woodwork Grace does.
where to get kitchen cabinets for cheap,210,36,Question,DIY or product,,,"Shopping for stock kitchen cabinets, hardware or design ideas: retailers and showrooms own these; Grace builds and refinishes, it does not sell stock lines."
wood custom signs,210,33,Service (no place),Service,/custom-signs/,supporting,
woodworking shop layout 2 car garage,210,22,Off-topic,DIY or product,,,"Hobby woodworking shops, tools or the business of woodworking: not a customer looking for a shop to hire."
woodworking shop near me open to public,210,18,Other place,DIY or product,,,"Hobby woodworking shops, tools or the business of woodworking: not a customer looking for a shop to hire."
woodworking shop setup,210,32,Service (no place),DIY or product,,,"Hobby woodworking shops, tools or the business of woodworking: not a customer looking for a shop to hire."
woodworking shop storage ideas,210,31,DIY or product,DIY or product,,,"Hobby woodworking shops, tools or the business of woodworking: not a customer looking for a shop to hire."
antique furniture refinishing near me,170,13,Other place,Service near me,/furniture-repair/furniture-refinishing/,supporting,
antique furniture restoration how to,170,41,DIY or product,DIY or product,,,"Do-it-yourself how-to: the plan does not publish step-by-step DIY repair, power-tool or structural instructions; pages answer the question and say when to call."
are carpenter ants nocturnal,170,26,Off-topic,Off-topic,,,Sheet verdict kept: not woodwork Grace does.
are carpenter ants the same as termites,170,14,Off-topic,Off-topic,,,Sheet verdict kept: not woodwork Grace does.
are carpenter bees invasive,170,40,Off-topic,Off-topic,,,Sheet verdict kept: not woodwork Grace does.
built in shelves library,170,38,Other place,Service,/custom-cabinets/built-in-shelves/,supporting,
built in shelves tv,170,36,Off-topic,Service,/custom-cabinets/built-in-shelves/,supporting,
cabinet paint walmart,170,26,Off-topic,Other business or brand,,,"Another company's name or a brand: searchers want that business, not Grace."
cabinet painters in my area,170,18,Other place,Other place,,,Sheet verdict kept: names a place outside Grace's area.
cabinet painting knoxville tn,170,17,Other place,Other place,,,Names a place outside Grace's 15 East Texas towns.
cabinet painting tampa,170,16,Other place,Other place,,,Names a place outside Grace's 15 East Texas towns.
carpenter 158 bolt carrier group,170,26,Off-topic,Off-topic,,,Sheet verdict kept: not woodwork Grace does.
carpenter do,170,22,Off-topic,Off-topic,,,Sheet verdict kept: not woodwork Grace does.
carpenter emergency lighting,170,17,Off-topic,Off-topic,,,Sheet verdict kept: not woodwork Grace does.
carpenter family,170,33,Off-topic,Off-topic,,,Sheet verdict kept: not woodwork Grace does.
carpenter foam,170,21,Off-topic,Off-topic,,,Sheet verdict kept: not woodwork Grace does.
carpenter gothic architecture,170,28,Off-topic,Off-topic,,,Sheet verdict kept: not woodwork Grace does.
carpenter hornet,170,25,Off-topic,Off-topic,,,Sheet verdict kept: not woodwork Grace does.
carpenter hypixel skyblock,170,23,Off-topic,Off-topic,,,Sheet verdict kept: not woodwork Grace does.
carpenter insurance agency,170,25,Off-topic,Off-topic,,,Sheet verdict kept: not woodwork Grace does.
carpenter internship,170,34,Off-topic,Off-topic,,,Sheet verdict kept: not woodwork Grace does.
carpenter knee,170,29,Off-topic,Off-topic,,,Sheet verdict kept: not woodwork Grace does.
carpenter marker,170,26,Off-topic,DIY or product,,,"A product, tool or material for doing it yourself: product pages win these, not a shop."
carpenter org,170,19,Off-topic,Off-topic,,,Sheet verdict kept: not woodwork Grace does.
carpenter pencil set,170,14,Off-topic,Off-topic,,,Sheet verdict kept: not woodwork Grace does.
carpenter reading pa,170,36,Off-topic,Off-topic,,,Sheet verdict kept: not woodwork Grace does.
carpenter requirements,170,33,Off-topic,Off-topic,,,Sheet verdict kept: not woodwork Grace does.
carpenter union apprenticeship near me,170,38,Off-topic,Off-topic,,,"Jobs, classes, videos, stairlifts or other searches that are not a customer hiring a woodwork shop."
carpenter union hall near me,170,52,Off-topic,Off-topic,,,"Jobs, classes, videos, stairlifts or other searches that are not a customer hiring a woodwork shop."
carpenters cross,170,18,Off-topic,Off-topic,,,Sheet verdict kept: not woodwork Grace does.
chair cane weaving,170,30,Service (no place),Question,/furniture-repair/how-chair-caning-is-repaired/,supporting,
chair leg repair kit,170,27,DIY or product,DIY or product,,,"A product, tool or material for doing it yourself: product pages win these, not a shop."
chair lift repair near me,170,19,Off-topic,Off-topic,,,"Jobs, classes, videos, stairlifts or other searches that are not a customer hiring a woodwork shop."
coffee table refinishing ideas,170,22,DIY or product,DIY or product,,,"Do-it-yourself how-to: the plan does not publish step-by-step DIY repair, power-tool or structural instructions; pages answer the question and say when to call."
custom cabinets louisville ky,170,26,Other place,Other place,,,Names a place outside Grace's 15 East Texas towns.
custom cabinets orange county,170,30,Other place,Other place,,,Names a place outside Grace's 15 East Texas towns.
custom cabinets price per linear foot,170,16,Service (no place),Service,/custom-cabinets/,supporting,
custom cabinets raleigh nc,170,18,Other place,Other place,,,Names a place outside Grace's 15 East Texas towns.
custom cabinets tallahassee,170,20,Service (no place),Other place,,,Names a place outside Grace's 15 East Texas towns.
custom furniture chicago,170,27,Other place,Other place,,,Names a place outside Grace's 15 East Texas towns.
custom furniture dallas,170,17,Other place,Other place,,,Names a place outside Grace's 15 East Texas towns.
custom wood signs for camping,170,17,Off-topic,Service,/custom-signs/,supporting,
deck repair and staining,170,27,Service (no place),Service,/deck-repair/,supporting,
deck repair knoxville,170,16,Other place,Other place,,,Names a place outside Grace's 15 East Texas towns.
deck repair omaha,170,22,Other place,Other place,,,Names a place outside Grace's 15 East Texas towns.
furniture refinishing for beginners,170,26,Service (no place),DIY or product,,,"Do-it-yourself how-to: the plan does not publish step-by-step DIY repair, power-tool or structural instructions; pages answer the question and say when to call."
furniture repair atlanta,170,19,Other place,Other place,,,Names a place outside Grace's 15 East Texas towns.
furniture repair brooklyn,170,15,Other place,Other place,,,Names a place outside Grace's 15 East Texas towns.
furniture repair columbus ohio,170,18,Other place,Other place,,,Names a place outside Grace's 15 East Texas towns.
furniture repair in philadelphia,170,21,Other place,Other place,,,Names a place outside Grace's 15 East Texas towns.
furniture repair in san diego,170,20,Other place,Other place,,,Names a place outside Grace's 15 East Texas towns.
furniture repair in tucson,170,16,Other place,Other place,,,Names a place outside Grace's 15 East Texas towns.
furniture repair kansas city,170,22,Other place,Other place,,,Names a place outside Grace's 15 East Texas towns.
furniture repair las vegas,170,24,Other place,Other place,,,Names a place outside Grace's 15 East Texas towns.
furniture repair portland oregon,170,26,Other place,Other place,,,Names a place outside Grace's 15 East Texas towns.
furniture repair raleigh nc,170,26,Other place,Other place,,,Names a place outside Grace's 15 East Texas towns.
furniture repair technician,170,18,Service (no place),DIY or product,,,"Hobby woodworking shops, tools or the business of woodworking: not a customer looking for a shop to hire."
furniture repair technician jobs,170,21,Off-topic,Off-topic,,,"Jobs, classes, videos, stairlifts or other searches that are not a customer hiring a woodwork shop."
furniture repair tucson,170,18,Other place,Other place,,,Names a place outside Grace's 15 East Texas towns.
furniture restoration company,170,33,Service (no place),Service,/furniture-repair/,supporting,
how much built in bookshelves,170,24,Other place,Service,/custom-cabinets/built-in-shelves/,supporting,
how restore furniture,170,27,Question,DIY or product,,,"Do-it-yourself how-to: the plan does not publish step-by-step DIY repair, power-tool or structural instructions; pages answer the question and say when to call."
how to repair broken wood furniture,170,29,Question,DIY or product,,,"Do-it-yourself how-to: the plan does not publish step-by-step DIY repair, power-tool or structural instructions; pages answer the question and say when to call."
kitchen cabinets 12 inches wide,170,25,DIY or product,DIY or product,,,"Shopping for stock kitchen cabinets, hardware or design ideas: retailers and showrooms own these; Grace builds and refinishes, it does not sell stock lines."
kitchen cabinets el monte,170,14,DIY or product,DIY or product,,,"Shopping for stock kitchen cabinets, hardware or design ideas: retailers and showrooms own these; Grace builds and refinishes, it does not sell stock lines."
kitchen cabinets from home depot,170,43,Off-topic,Other business or brand,,,"Another company's name or a brand: searchers want that business, not Grace."
kitchen cabinets names,170,44,DIY or product,DIY or product,,,"Shopping for stock kitchen cabinets, hardware or design ideas: retailers and showrooms own these; Grace builds and refinishes, it does not sell stock lines."
painting table and chairs,170,36,Service (no place),Service,/furniture-repair/table-refinishing/,supporting,
porch column repair,170,19,Service (no place),Service,/porch-repair/,supporting,
table repair near me,170,23,Other place,Service near me,/furniture-repair/table-refinishing/,supporting,
what does cabinet refacing mean,170,16,Question,Question,/custom-cabinets/what-is-cabinet-refacing/,supporting,
what kitchen cabinets are in style,170,26,Other place,Other place,,,Names a place outside Grace's 15 East Texas towns.
when are carpenter ants most active,170,23,Off-topic,Off-topic,,,Sheet verdict kept: not woodwork Grace does.
when do carpenter bees go away,170,39,Off-topic,Off-topic,,,Sheet verdict kept: not woodwork Grace does.
why do carpenter bees hover,170,30,Off-topic,Off-topic,,,Sheet verdict kept: not woodwork Grace does.
will furniture stores remove old furniture,170,35,Question,Off-topic,,,"Jobs, classes, videos, stairlifts or other searches that are not a customer hiring a woodwork shop."
wood shop air filtration system,170,25,Service (no place),DIY or product,,,"Hobby woodworking shops, tools or the business of woodworking: not a customer looking for a shop to hire."
wood shop jobs,170,25,Off-topic,Off-topic,,,"Jobs, classes, videos, stairlifts or other searches that are not a customer hiring a woodwork shop."
wood shop jobs near me,170,41,Off-topic,Off-topic,,,"Jobs, classes, videos, stairlifts or other searches that are not a customer hiring a woodwork shop."
woodworking shop equipment,170,48,Service (no place),DIY or product,,,"Hobby woodworking shops, tools or the business of woodworking: not a customer looking for a shop to hire."
woodworking shop signs,170,27,Service (no place),DIY or product,,,"Hobby woodworking shops, tools or the business of woodworking: not a customer looking for a shop to hire."
woodworking shop storage,170,28,Service (no place),DIY or product,,,"Hobby woodworking shops, tools or the business of woodworking: not a customer looking for a shop to hire."
901 carpenter rd modesto ca,140,23,Off-topic,Off-topic,,,Sheet verdict kept: not woodwork Grace does.
90s carpenter jeans,140,23,Off-topic,Off-topic,,,Sheet verdict kept: not woodwork Grace does.
are carpenter bees and bumblebees the same thing,140,29,Off-topic,Off-topic,,,Sheet verdict kept: not woodwork Grace does.
built in bookcase entertainment center,140,36,Other place,Service,/custom-cabinets/built-in-shelves/,supporting,
built in bookcase kit,140,36,Other place,DIY or product,,,"A product, tool or material for doing it yourself: product pages win these, not a shop."
built in shelves around window,140,29,Other place,Service,/custom-cabinets/built-in-shelves/,supporting,
built in shelves closet,140,38,Other place,Service,/custom-cabinets/built-in-shelves/,supporting,
built in shelves dining room,140,28,Other place,Service,/custom-cabinets/built-in-shelves/,supporting,
cabinet painting brush,140,25,Service (no place),DIY or product,,,"A product, tool or material for doing it yourself: product pages win these, not a shop."
cabinet painting kit home depot,140,35,Off-topic,Other business or brand,,,"Another company's name or a brand: searchers want that business, not Grace."
cabinet painting services near me,140,29,Other place,Service near me,/custom-cabinets/cabinet-painting/,supporting,
cabinet refacing in san diego,140,35,Other place,Other place,,,Names a place outside Grace's 15 East Texas towns.
cabinets in texas,140,22,Other place,Other place,,,Names a place outside Grace's 15 East Texas towns.
cane chair cushions,140,31,Service (no place),Off-topic,,,"Upholstery, leather, mechanisms or covers: not a service Grace has confirmed."
cane chair living room,140,36,Service (no place),DIY or product,,,"Shopping for a new or project piece, not for repair."
carpenter 158,140,18,Off-topic,Off-topic,,,Sheet verdict kept: not woodwork Grace does.
carpenter 158 steel bcg,140,16,Off-topic,Off-topic,,,Sheet verdict kept: not woodwork Grace does.
carpenter cat battle cats,140,31,Off-topic,Off-topic,,,Sheet verdict kept: not woodwork Grace does.
carpenter class near me,140,41,Other place,Off-topic,,,"Jobs, classes, videos, stairlifts or other searches that are not a customer hiring a woodwork shop."
carpenter director,140,55,Off-topic,Off-topic,,,Sheet verdict kept: not woodwork Grace does.
carpenter etymology,140,40,Off-topic,Off-topic,,,Sheet verdict kept: not woodwork Grace does.
carpenter for hire near me,140,29,Other place,Service near me,/,supporting,
carpenter garbage bags,140,26,Off-topic,Off-topic,,,Sheet verdict kept: not woodwork Grace does.
carpenter gothic church,140,28,Off-topic,Off-topic,,,Sheet verdict kept: not woodwork Grace does.
carpenter hotel austin tx,140,44,Off-topic,Other place,,,Names a place outside Grace's 15 East Texas towns.
carpenter in french,140,24,Off-topic,Off-topic,,,Sheet verdict kept: not woodwork Grace does.
carpenter jorts men,140,21,Off-topic,Off-topic,,,Sheet verdict kept: not woodwork Grace does.
carpenter kit,140,24,Off-topic,DIY or product,,,"A product, tool or material for doing it yourself: product pages win these, not a shop."
carpenter mlb,140,62,Off-topic,Off-topic,,,Sheet verdict kept: not woodwork Grace does.
carpenter name,140,23,Off-topic,Off-topic,,,Sheet verdict kept: not woodwork Grace does.
carved wood signs near me,140,25,Other place,Service near me,/custom-signs/,supporting,
chair caning replacement,140,22,Service (no place),Service,/furniture-repair/chair-caning-and-repair/,supporting,
chair repair shoppe,140,24,Service (no place),Other business or brand,,,"Another company's name or a brand: searchers want that business, not Grace."
custom bench cushions near me,140,13,Other place,Off-topic,,,"Upholstery, leather, mechanisms or covers: not a service Grace has confirmed."
custom cabinets boston,140,25,Other place,Other place,,,Names a place outside Grace's 15 East Texas towns.
custom cabinets charleston sc,140,24,Other place,Other place,,,Names a place outside Grace's 15 East Texas towns.
custom cabinets charlotte nc,140,29,Other place,Other place,,,Names a place outside Grace's 15 East Texas towns.
custom cabinets for home office,140,27,Service (no place),Service,/custom-cabinets/,supporting,
custom cabinets fort myers,140,19,Other place,Other place,,,Names a place outside Grace's 15 East Texas towns.
custom cabinets grand rapids,140,14,Other place,Other place,,,Names a place outside Grace's 15 East Texas towns.
custom cabinets indianapolis,140,14,Other place,Other place,,,Names a place outside Grace's 15 East Texas towns.
custom cabinets miami,140,25,Other place,Other place,,,Names a place outside Grace's 15 East Texas towns.
custom cabinets minneapolis,140,30,Other place,Other place,,,Names a place outside Grace's 15 East Texas towns.
custom cabinets online design,140,32,Service (no place),DIY or product,,,"Online or mass-produced custom products, or materials Grace does not work in (glass, metal, granite, laser-cut, lighted signs)."
custom cabinets richmond va,140,29,Other place,Other place,,,Names a place outside Grace's 15 East Texas towns.
custom cabinets san jose,140,24,Other place,Other place,,,Names a place outside Grace's 15 East Texas towns.
custom cabinets sarasota,140,25,Other place,Other place,,,Names a place outside Grace's 15 East Texas towns.
custom cabinets springfield mo,140,30,Other place,Other place,,,Names a place outside Grace's 15 East Texas towns.
custom cabinets st louis,140,19,Other place,Other place,,,Names a place outside Grace's 15 East Texas towns.
custom furniture austin,140,21,Other place,Other place,,,Names a place outside Grace's 15 East Texas towns.
custom furniture covers near me,140,44,Other place,Off-topic,,,"Upholstery, leather, mechanisms or covers: not a service Grace has confirmed."
custom furniture houston,140,33,Other place,Other place,,,Names a place outside Grace's 15 East Texas towns.
custom furniture painting,140,10,Service (no place),Service,/furniture-repair/furniture-refinishing/,supporting,
custom furniture seattle,140,29,Other place,Other place,,,Names a place outside Grace's 15 East Texas towns.
custom furniture shops,140,49,Service (no place),DIY or product,,,"Online or mass-produced custom products, or materials Grace does not work in (glass, metal, granite, laser-cut, lighted signs)."
custom furniture stores near me,140,58,Other place,DIY or product,,,"Online or mass-produced custom products, or materials Grace does not work in (glass, metal, granite, laser-cut, lighted signs)."
custom wood bar signs,140,20,Service (no place),Service,/custom-signs/,supporting,
custom wood door signs,140,22,Service (no place),Service,/custom-signs/,supporting,
deck repair and staining near me,140,9,Other place,Service near me,/deck-repair/,supporting,
deck repair atlanta,140,20,Other place,Other place,,,Names a place outside Grace's 15 East Texas towns.
deck repair cincinnati,140,21,Other place,Other place,,,Names a place outside Grace's 15 East Texas towns.
deck repair colorado springs,140,24,Other place,Other place,,,Names a place outside Grace's 15 East Texas towns.
deck repair raleigh,140,15,Other place,Other place,,,Names a place outside Grace's 15 East Texas towns.
deck repair services near me,140,29,Other place,Service near me,/deck-repair/,supporting,
deck repair stain,140,33,Service (no place),Service,/deck-repair/,supporting,
dining table refinishing ideas,140,23,DIY or product,DIY or product,,,"Do-it-yourself how-to: the plan does not publish step-by-step DIY repair, power-tool or structural instructions; pages answer the question and say when to call."
direction to tyler tx,140,5,East Texas,Off-topic,,,Off-topic or noise: not a search for woodwork Grace does.
end table refinishing ideas,140,26,DIY or product,DIY or product,,,"Do-it-yourself how-to: the plan does not publish step-by-step DIY repair, power-tool or structural instructions; pages answer the question and say when to call."
furniture repair and refinishing near me,140,29,Other place,Service near me,/furniture-repair/furniture-refinishing/,supporting,
furniture repair company,140,31,Service (no place),Service,/furniture-repair/,supporting,
furniture repair crayons,140,25,DIY or product,DIY or product,,,"A product, tool or material for doing it yourself: product pages win these, not a shop."
furniture repair glue,140,28,DIY or product,DIY or product,,,"A product, tool or material for doing it yourself: product pages win these, not a shop."
furniture repair in albuquerque,140,27,Other place,Other place,,,Names a place outside Grace's 15 East Texas towns.
furniture repair in louisville ky,140,25,Other place,Other place,,,Names a place outside Grace's 15 East Texas towns.
furniture repair jacksonville fl,140,26,Other place,Other place,,,Names a place outside Grace's 15 East Texas towns.
furniture repair jobs near me,140,19,Off-topic,Off-topic,,,"Jobs, classes, videos, stairlifts or other searches that are not a customer hiring a woodwork shop."
furniture repair local,140,27,Service (no place),Service,/furniture-repair/,supporting,
furniture repair memphis tn,140,17,Other place,Other place,,,Names a place outside Grace's 15 East Texas towns.
furniture repair nashville,140,14,Other place,Other place,,,Names a place outside Grace's 15 East Texas towns.
furniture repair orlando,140,18,Other place,Other place,,,Names a place outside Grace's 15 East Texas towns.
furniture repair pens,140,26,DIY or product,DIY or product,,,"A product, tool or material for doing it yourself: product pages win these, not a shop."
furniture repair richmond va,140,28,Other place,Other place,,,Names a place outside Grace's 15 East Texas towns.
furniture repair tulsa,140,26,Other place,Other place,,,Names a place outside Grace's 15 East Texas towns.
furniture repair wax sticks,140,21,DIY or product,DIY or product,,,"A product, tool or material for doing it yourself: product pages win these, not a shop."
furniture restoration denver,140,24,Other place,Other place,,,Names a place outside Grace's 15 East Texas towns.
how to build shelves in minecraft,140,30,Off-topic,DIY or product,,,"Do-it-yourself how-to: the plan does not publish step-by-step DIY repair, power-tool or structural instructions; pages answer the question and say when to call."
how to repair chair hydraulic,140,31,Question,Off-topic,,,"Upholstery, leather, mechanisms or covers: not a service Grace has confirmed."
how to repair chair legs,140,25,Question,Service,/furniture-repair/chair-caning-and-repair/,supporting,
how to repair porch screen,140,20,Question,Off-topic,,,"Screens, masonry, roofing or full replacement: outside the porch and deck repair Grace confirmed."
kitchen cabinets 10 ft ceilings,140,28,DIY or product,DIY or product,,,"Shopping for stock kitchen cabinets, hardware or design ideas: retailers and showrooms own these; Grace builds and refinishes, it does not sell stock lines."
kitchen cabinets 18 deep,140,24,DIY or product,DIY or product,,,"Shopping for stock kitchen cabinets, hardware or design ideas: retailers and showrooms own these; Grace builds and refinishes, it does not sell stock lines."
kitchen cabinets 2025,140,25,DIY or product,DIY or product,,,"Shopping for stock kitchen cabinets, hardware or design ideas: retailers and showrooms own these; Grace builds and refinishes, it does not sell stock lines."
kitchen cabinets 84 lumber,140,24,DIY or product,Other business or brand,,,"Another company's name or a brand: searchers want that business, not Grace."
kitchen cabinets 9,140,44,DIY or product,DIY or product,,,"Shopping for stock kitchen cabinets, hardware or design ideas: retailers and showrooms own these; Grace builds and refinishes, it does not sell stock lines."
kitchen cabinets glossy,140,38,DIY or product,DIY or product,,,"Shopping for stock kitchen cabinets, hardware or design ideas: retailers and showrooms own these; Grace builds and refinishes, it does not sell stock lines."
kitchen cabinets holders,140,67,DIY or product,DIY or product,,,"Shopping for stock kitchen cabinets, hardware or design ideas: retailers and showrooms own these; Grace builds and refinishes, it does not sell stock lines."
kitchen cabinets installers near me,140,31,Other place,DIY or product,,,"Shopping for stock kitchen cabinets, hardware or design ideas: retailers and showrooms own these; Grace builds and refinishes, it does not sell stock lines."
kitchen cabinets parts and accessories,140,52,DIY or product,DIY or product,,,"A product, tool or material for doing it yourself: product pages win these, not a shop."
kitchen cabinets ready to assemble,140,49,DIY or product,DIY or product,,,"Shopping for stock kitchen cabinets, hardware or design ideas: retailers and showrooms own these; Grace builds and refinishes, it does not sell stock lines."
kitchen cabinets to ceiling or not,140,11,Other place,Other place,,,Names a place outside Grace's 15 East Texas towns.
kitchen cabinets unassembled,140,28,DIY or product,DIY or product,,,"Shopping for stock kitchen cabinets, hardware or design ideas: retailers and showrooms own these; Grace builds and refinishes, it does not sell stock lines."
porch brick repair,140,22,Service (no place),Off-topic,,,"Screens, masonry, roofing or full replacement: outside the porch and deck repair Grace confirmed."
porch screen repair kit,140,28,DIY or product,Off-topic,,,"Screens, masonry, roofing or full replacement: outside the porch and deck repair Grace confirmed."
what is chair caning,140,24,Question,Question,/furniture-repair/how-chair-caning-is-repaired/,supporting,
which sabrina carpenter perfume is the best,140,25,Off-topic,Off-topic,,,Sheet verdict kept: not woodwork Grace does.
woodworking shop build,140,36,Service (no place),DIY or product,,,"Hobby woodworking shops, tools or the business of woodworking: not a customer looking for a shop to hire."
woodworking shop floor plans,140,33,DIY or product,Off-topic,,,Floor refinishing: not a service Grace has confirmed.
woodworking shop heater,140,20,Service (no place),DIY or product,,,"Hobby woodworking shops, tools or the business of woodworking: not a customer looking for a shop to hire."
woodworking shop pictures,140,30,Service (no place),DIY or product,,,"Hobby woodworking shops, tools or the business of woodworking: not a customer looking for a shop to hire."
woodworking shop space for rent,140,12,Service (no place),DIY or product,,,"Hobby woodworking shops, tools or the business of woodworking: not a customer looking for a shop to hire."
3d carpenter square,110,28,Off-topic,Off-topic,,,Sheet verdict kept: not woodwork Grace does.
5051 carpenter ave ontario ca,110,22,Off-topic,Other place,,,Names a place outside Grace's 15 East Texas towns.
520 carpenter lane philadelphia pa,110,6,Off-topic,Other place,,,Names a place outside Grace's 15 East Texas towns.
7000 carpenter road skokie,110,7,Off-topic,Off-topic,,,Sheet verdict kept: not woodwork Grace does.
8210 carpenter dr,110,22,Off-topic,Off-topic,,,Sheet verdict kept: not woodwork Grace does.
antique furniture repair llc,110,15,Service (no place),Other business or brand,,,"Another company's name or a brand: searchers want that business, not Grace."
built in shelves around tv,110,32,Off-topic,Service,/custom-cabinets/built-in-shelves/,supporting,
built in shelves between studs,110,34,Other place,DIY or product,,,"Do-it-yourself how-to: the plan does not publish step-by-step DIY repair, power-tool or structural instructions; pages answer the question and say when to call."
built in shelves in kitchen,110,47,Other place,Service,/custom-cabinets/built-in-shelves/,supporting,
built in shelves white,110,39,Other place,Service,/custom-cabinets/built-in-shelves/,supporting,
cabinet paint all in one,110,25,Other place,Other place,,,Names a place outside Grace's 15 East Texas towns.
cabinet painting colorado springs,110,32,Other place,Other place,,,Names a place outside Grace's 15 East Texas towns.
cabinet painting cost calculator,110,16,Service (no place),Question,/custom-cabinets/cabinet-painting-cost/,supporting,
cabinet refacing calculator,110,12,Service (no place),Question,/custom-cabinets/what-is-cabinet-refacing/,supporting,
cabinet refacing diy kit,110,20,DIY or product,DIY or product,,,"A product, tool or material for doing it yourself: product pages win these, not a shop."
cabinet refacing in las vegas,110,16,Other place,Other place,,,Names a place outside Grace's 15 East Texas towns.
cane furniture repair near me,110,15,Other place,Service near me,/furniture-repair/chair-caning-and-repair/,supporting,
carpenter 158 vs 9310,110,14,Off-topic,Off-topic,,,Sheet verdict kept: not woodwork Grace does.
carpenter drummer,110,33,Off-topic,Off-topic,,,Sheet verdict kept: not woodwork Grace does.
carpenter equipment,110,28,Off-topic,Off-topic,,,Sheet verdict kept: not woodwork Grace does.
carpenter espresso,110,43,Off-topic,Off-topic,,,Sheet verdict kept: not woodwork Grace does.
carpenter game,110,29,Off-topic,Off-topic,,,Sheet verdict kept: not woodwork Grace does.
carpenter glasses,110,13,Off-topic,Off-topic,,,Sheet verdict kept: not woodwork Grace does.
carpenter in german,110,23,Off-topic,Off-topic,,,Sheet verdict kept: not woodwork Grace does.
carpenter karaoke songs,110,40,Off-topic,Off-topic,,,Sheet verdict kept: not woodwork Grace does.
carpenter kessel,110,24,Off-topic,Off-topic,,,Sheet verdict kept: not woodwork Grace does.
carpenter law,110,25,Off-topic,Off-topic,,,Sheet verdict kept: not woodwork Grace does.
carpenter level tool,110,36,Off-topic,DIY or product,,,"A product, tool or material for doing it yourself: product pages win these, not a shop."
carpenter local,110,52,Service (no place),Service,/,supporting,
carpenter minecraft,110,36,Off-topic,Off-topic,,,Sheet verdict kept: not woodwork Grace does.
carpenter nail gun,110,36,Off-topic,Off-topic,,,Sheet verdict kept: not woodwork Grace does.
carpenter name origin,110,35,Off-topic,Off-topic,,,Sheet verdict kept: not woodwork Grace does.
carpenter rate per hour,110,38,Service (no place),Service,,,Asks for an hourly rate; Grace quotes each job and publishes no rates.
carpenter uniform,110,20,Off-topic,Off-topic,,,Sheet verdict kept: not woodwork Grace does.
carpenter why do birds,110,64,Off-topic,Off-topic,,,Sheet verdict kept: not woodwork Grace does.
carpenter ymca,110,18,Off-topic,Off-topic,,,Sheet verdict kept: not woodwork Grace does.
chair caning restoration,110,25,Service (no place),Service,/furniture-repair/chair-caning-and-repair/,supporting,
chair caning service,110,15,Service (no place),Service,/furniture-repair/chair-caning-and-repair/,supporting,
chair repair webbing,110,25,Service (no place),Off-topic,,,"Upholstery, leather, mechanisms or covers: not a service Grace has confirmed."
custom cabinets by design,110,37,Service (no place),Other business or brand,,,"Another company's name or a brand: searchers want that business, not Grace."
custom cabinets colorado,110,35,Service (no place),Other place,,,Names a place outside Grace's 15 East Texas towns.
custom cabinets greenville sc,110,19,Other place,Other place,,,Names a place outside Grace's 15 East Texas towns.
custom cabinets naples fl,110,22,Other place,Other place,,,Names a place outside Grace's 15 East Texas towns.
custom cabinets omaha,110,20,Other place,Other place,,,Names a place outside Grace's 15 East Texas towns.
custom cabinets portland,110,28,Other place,Other place,,,Names a place outside Grace's 15 East Texas towns.
custom cabinets salt lake city,110,29,Other place,Other place,,,Names a place outside Grace's 15 East Texas towns.
custom furniture arizona,110,40,Service (no place),Other place,,,Names a place outside Grace's 15 East Texas towns.
custom furniture portland,110,29,Other place,Other place,,,Names a place outside Grace's 15 East Texas towns.
custom rustic wood signs,110,24,Service (no place),Service,/custom-signs/,supporting,
custom wood burned signs,110,23,Service (no place),Service,/custom-signs/,supporting,
deck repair and painting near me,110,30,Other place,Service near me,/deck-repair/,supporting,
deck repair austin,110,22,Other place,Other place,,,Names a place outside Grace's 15 East Texas towns.
deck repair madison wi,110,18,Other place,Other place,,,Names a place outside Grace's 15 East Texas towns.
deck repair materials,110,26,Service (no place),DIY or product,,,"A product, tool or material for doing it yourself: product pages win these, not a shop."
deck repair seattle,110,22,Other place,Other place,,,Names a place outside Grace's 15 East Texas towns.
deck repair st louis,110,21,Other place,Other place,,,Names a place outside Grace's 15 East Texas towns.
furniture refinishing houston,110,15,Other place,Other place,,,Names a place outside Grace's 15 East Texas towns.
furniture refinishing in houston,110,17,Other place,Other place,,,Names a place outside Grace's 15 East Texas towns.
furniture refinishing kit,110,23,DIY or product,DIY or product,,,"A product, tool or material for doing it yourself: product pages win these, not a shop."
furniture refinishing reno,110,24,Other place,Other place,,,Names a place outside Grace's 15 East Texas towns.
furniture refinishing services near me,110,21,Other place,Service near me,/furniture-repair/furniture-refinishing/,supporting,
furniture repair cost,110,18,Service (no place),Question,/furniture-repair/furniture-refinishing-cost/,supporting,
furniture repair fort worth,110,31,Other place,Other place,,,Names a place outside Grace's 15 East Texas towns.
furniture repair indianapolis,110,15,Other place,Other place,,,Names a place outside Grace's 15 East Texas towns.
furniture repair jackson ms,110,24,Other place,Other place,,,Names a place outside Grace's 15 East Texas towns.
furniture repair louisville ky,110,41,Other place,Other place,,,Names a place outside Grace's 15 East Texas towns.
furniture repair miami,110,33,Other place,Other place,,,Names a place outside Grace's 15 East Texas towns.
furniture repair milwaukee,110,21,Other place,Other place,,,Names a place outside Grace's 15 East Texas towns.
furniture repair minneapolis,110,28,Other place,Other place,,,Names a place outside Grace's 15 East Texas towns.
furniture repair of raleigh,110,30,Other place,Other place,,,Names a place outside Grace's 15 East Texas towns.
furniture repair omaha,110,16,Other place,Other place,,,Names a place outside Grace's 15 East Texas towns.
furniture repair parts,110,29,DIY or product,DIY or product,,,"A product, tool or material for doing it yourself: product pages win these, not a shop."
furniture repair tampa,110,22,Other place,Other place,,,Names a place outside Grace's 15 East Texas towns.
furniture restoration atlanta,110,24,Other place,Other place,,,Names a place outside Grace's 15 East Texas towns.
furniture restoration business,110,37,Service (no place),DIY or product,,,"Hobby woodworking shops, tools or the business of woodworking: not a customer looking for a shop to hire."
furniture restoration cincinnati,110,16,Other place,Other place,,,Names a place outside Grace's 15 East Texas towns.
furniture restoration diy,110,47,DIY or product,DIY or product,,,"Do-it-yourself how-to: the plan does not publish step-by-step DIY repair, power-tool or structural instructions; pages answer the question and say when to call."
furniture restoration nyc,110,25,Other place,Other place,,,Names a place outside Grace's 15 East Texas towns.
furniture restoration of marin,110,22,Other place,Other place,,,Names a place outside Grace's 15 East Texas towns.
furniture restoration phoenix,110,30,Other place,Other place,,,Names a place outside Grace's 15 East Texas towns.
furniture restoration supplies,110,23,DIY or product,DIY or product,,,"A product, tool or material for doing it yourself: product pages win these, not a shop."
furniture restoration videos,110,37,DIY or product,Off-topic,,,"Jobs, classes, videos, stairlifts or other searches that are not a customer hiring a woodwork shop."
how many carpenter ants in a colony,110,27,Off-topic,Off-topic,,,Sheet verdict kept: not woodwork Grace does.
how much carpenter make,110,28,Off-topic,Off-topic,,,Sheet verdict kept: not woodwork Grace does.
how to repair chair seat,110,29,Question,Question,/furniture-repair/how-chair-caning-is-repaired/,supporting,
kitchen cabinets 2026 trends,110,22,DIY or product,DIY or product,,,"Shopping for stock kitchen cabinets, hardware or design ideas: retailers and showrooms own these; Grace builds and refinishes, it does not sell stock lines."
kitchen cabinets 36 inches wide,110,24,DIY or product,DIY or product,,,"Shopping for stock kitchen cabinets, hardware or design ideas: retailers and showrooms own these; Grace builds and refinishes, it does not sell stock lines."
kitchen cabinets 8 ft ceiling,110,19,DIY or product,DIY or product,,,"Shopping for stock kitchen cabinets, hardware or design ideas: retailers and showrooms own these; Grace builds and refinishes, it does not sell stock lines."
kitchen cabinets espresso color,110,24,DIY or product,DIY or product,,,"Shopping for stock kitchen cabinets, hardware or design ideas: retailers and showrooms own these; Grace builds and refinishes, it does not sell stock lines."
kitchen cabinets examples,110,55,DIY or product,DIY or product,,,"Shopping for stock kitchen cabinets, hardware or design ideas: retailers and showrooms own these; Grace builds and refinishes, it does not sell stock lines."
kitchen cabinets gainesville fl,110,17,Other place,Other place,,,Names a place outside Grace's 15 East Texas towns.
kitchen cabinets gallery,110,43,DIY or product,DIY or product,,,"Shopping for stock kitchen cabinets, hardware or design ideas: retailers and showrooms own these; Grace builds and refinishes, it does not sell stock lines."
kitchen cabinets jamaica,110,27,DIY or product,DIY or product,,,"Shopping for stock kitchen cabinets, hardware or design ideas: retailers and showrooms own these; Grace builds and refinishes, it does not sell stock lines."
oak table refinishing ideas,110,27,DIY or product,DIY or product,,,"Do-it-yourself how-to: the plan does not publish step-by-step DIY repair, power-tool or structural instructions; pages answer the question and say when to call."
porch replacement near me,110,28,Other place,Off-topic,,,"Screens, masonry, roofing or full replacement: outside the porch and deck repair Grace confirmed."
porch roof repair,110,24,Service (no place),Off-topic,,,"Screens, masonry, roofing or full replacement: outside the porch and deck repair Grace confirmed."
professional furniture repair near me,110,27,Other place,Service near me,/furniture-repair/,supporting,
what are semi custom cabinets,110,17,Question,Service,/custom-cabinets/,supporting,
when do carpenter ants come out,110,25,Off-topic,Off-topic,,,Sheet verdict kept: not woodwork Grace does.
wood furniture restoration products,110,33,DIY or product,DIY or product,,,"A product, tool or material for doing it yourself: product pages win these, not a shop."
wood shop air cleaner,110,35,Service (no place),DIY or product,,,"Hobby woodworking shops, tools or the business of woodworking: not a customer looking for a shop to hire."
woodworking shop denver,110,26,Other place,Other place,,,Names a place outside Grace's 15 East Texas towns.
woodworking shop seattle,110,18,Other place,Other place,,,Names a place outside Grace's 15 East Texas towns.
built in bookshelves vaulted ceiling,90,28,Other place,Service,/custom-cabinets/built-in-shelves/,supporting,
built in record shelves,90,32,Other place,Service,/custom-cabinets/built-in-shelves/,supporting,
built in shelves for laundry room,90,20,Other place,Service,/custom-cabinets/built-in-shelves/,supporting,
built in shelves office,90,42,Other place,Service,/custom-cabinets/built-in-shelves/,supporting,
cabinet painting charlotte nc,90,18,Other place,Other place,,,Names a place outside Grace's 15 East Texas towns.
cabinet painting chicago,90,15,Other place,Other place,,,Names a place outside Grace's 15 East Texas towns.
cabinet painting dallas,90,17,Other place,Other place,,,Names a place outside Grace's 15 East Texas towns.
cabinet painting naples,90,11,Other place,Other place,,,Names a place outside Grace's 15 East Texas towns.
cabinet painting rack,90,29,Service (no place),DIY or product,,,"A product, tool or material for doing it yourself: product pages win these, not a shop."
cabinet refacing denver co,90,36,Other place,Other place,,,Names a place outside Grace's 15 East Texas towns.
cabinet refacing peel and stick,90,19,DIY or product,DIY or product,,,"A product, tool or material for doing it yourself: product pages win these, not a shop."
carpenter 158 bolt,90,15,Off-topic,Off-topic,,,Sheet verdict kept: not woodwork Grace does.
carpenter 528 storage,90,20,Off-topic,Off-topic,,,Sheet verdict kept: not woodwork Grace does.
carpenter denim jeans,90,27,Off-topic,Off-topic,,,Sheet verdict kept: not woodwork Grace does.
carpenter engineering,90,25,Off-topic,Off-topic,,,Sheet verdict kept: not woodwork Grace does.
carpenter group,90,49,Off-topic,Off-topic,,,Sheet verdict kept: not woodwork Grace does.
carpenter guild ffxiv,90,27,Off-topic,Off-topic,,,Sheet verdict kept: not woodwork Grace does.
carpenter manufacturing,90,25,Off-topic,Off-topic,,,Sheet verdict kept: not woodwork Grace does.
carpenter obituaries,90,15,Off-topic,Off-topic,,,Sheet verdict kept: not woodwork Grace does.
carpenter roach,90,25,Off-topic,Off-topic,,,Sheet verdict kept: not woodwork Grace does.
carpenter wasp nest,90,33,Off-topic,Off-topic,,,Sheet verdict kept: not woodwork Grace does.
carpenter yesterday,90,55,Off-topic,Off-topic,,,Sheet verdict kept: not woodwork Grace does.
custom cabinets boise,90,30,Other place,Other place,,,Names a place outside Grace's 15 East Texas towns.
custom cabinets columbus ohio,90,31,Other place,Other place,,,Names a place outside Grace's 15 East Texas towns.
custom cabinets nearby,90,42,Service (no place),Service,/custom-cabinets/,supporting,
custom cabinets new jersey,90,21,Service (no place),Other place,,,Names a place outside Grace's 15 East Texas towns.
custom cabinets pittsburgh,90,15,Other place,Other place,,,Names a place outside Grace's 15 East Texas towns.
custom dining table glass top,90,27,Service (no place),DIY or product,,,"Online or mass-produced custom products, or materials Grace does not work in (glass, metal, granite, laser-cut, lighted signs)."
custom furniture atlanta,90,22,Other place,Other place,,,Names a place outside Grace's 15 East Texas towns.
custom furniture carpenter,90,16,Service (no place),Service,/custom-furniture/,supporting,
custom furniture denver,90,22,Other place,Other place,,,Names a place outside Grace's 15 East Texas towns.
custom furniture san francisco,90,19,Other place,Other place,,,Names a place outside Grace's 15 East Texas towns.
custom furniture solutions,90,20,Service (no place),Other business or brand,,,"Another company's name or a brand: searchers want that business, not Grace."
custom homes tyler texas,90,26,East Texas,Off-topic,,,Off-topic or noise: not a search for woodwork Grace does.
custom metal dining table base,90,36,Service (no place),DIY or product,,,"Online or mass-produced custom products, or materials Grace does not work in (glass, metal, granite, laser-cut, lighted signs)."
custom wood table legs,90,32,Service (no place),Service,/custom-furniture/custom-dining-tables/,supporting,
deck repair fairfax,90,16,Service (no place),Other place,,,Names a place outside Grace's 15 East Texas towns.
deck repair greensboro nc,90,25,Other place,Other place,,,Names a place outside Grace's 15 East Texas towns.
deck repair in my area,90,24,Other place,Service,/deck-repair/,supporting,
deck repair kansas city,90,39,Other place,Other place,,,Names a place outside Grace's 15 East Texas towns.
deck repair louisville ky,90,16,Other place,Other place,,,Names a place outside Grace's 15 East Texas towns.
deck repair nashville,90,15,Other place,Other place,,,Names a place outside Grace's 15 East Texas towns.
deck repair pittsburgh,90,21,Other place,Other place,,,Names a place outside Grace's 15 East Texas towns.
desk refinishing ideas,90,35,DIY or product,DIY or product,,,"Do-it-yourself how-to: the plan does not publish step-by-step DIY repair, power-tool or structural instructions; pages answer the question and say when to call."
furniture refinishing charlotte nc,90,24,Other place,Other place,,,Names a place outside Grace's 15 East Texas towns.
furniture refinishing classes,90,16,Off-topic,Off-topic,,,"Jobs, classes, videos, stairlifts or other searches that are not a customer hiring a woodwork shop."
furniture refinishing companies,90,27,Service (no place),Service,/furniture-repair/furniture-refinishing/,supporting,
furniture refinishing near me within 20 mi,90,36,Other place,Service near me,/furniture-repair/furniture-refinishing/,supporting,
furniture refinishing portland,90,18,Other place,Other place,,,Names a place outside Grace's 15 East Texas towns.
furniture refinishing rhode island,90,19,Service (no place),Other place,,,Names a place outside Grace's 15 East Texas towns.
furniture refinishing ri,90,19,Other place,Other place,,,Names a place outside Grace's 15 East Texas towns.
furniture repair baltimore md,90,21,Other place,Other place,,,Names a place outside Grace's 15 East Texas towns.
furniture repair boise,90,19,Other place,Other place,,,Names a place outside Grace's 15 East Texas towns.
furniture repair dayton ohio,90,23,Other place,Other place,,,Names a place outside Grace's 15 East Texas towns.
furniture repair dc,90,25,Other place,Other place,,,Names a place outside Grace's 15 East Texas towns.
furniture repair el paso,90,26,Other place,Other place,,,Names a place outside Grace's 15 East Texas towns.
furniture repair grand rapids,90,29,Other place,Other place,,,Names a place outside Grace's 15 East Texas towns.
furniture repair greenville sc,90,22,Other place,Other place,,,Names a place outside Grace's 15 East Texas towns.
furniture repair knoxville,90,16,Other place,Other place,,,Names a place outside Grace's 15 East Texas towns.
furniture repair madison wi,90,19,Other place,Other place,,,Names a place outside Grace's 15 East Texas towns.
furniture repair man,90,28,Service (no place),Service,/furniture-repair/,supporting,
furniture repair okc,90,14,Other place,Other place,,,Names a place outside Grace's 15 East Texas towns.
furniture repair rochester ny,90,22,Other place,Other place,,,Names a place outside Grace's 15 East Texas towns.
furniture repair sticks,90,19,DIY or product,DIY or product,,,"A product, tool or material for doing it yourself: product pages win these, not a shop."
furniture repair upholstery near me,90,37,Other place,Off-topic,,,"Upholstery, leather, mechanisms or covers: not a service Grace has confirmed."
furniture repair wichita ks,90,36,Other place,Other place,,,Names a place outside Grace's 15 East Texas towns.
furniture restoration austin,90,18,Other place,Other place,,,Names a place outside Grace's 15 East Texas towns.
furniture restoration houston,90,20,Other place,Other place,,,Names a place outside Grace's 15 East Texas towns.
furniture restoration jobs,90,18,Off-topic,Off-topic,,,"Jobs, classes, videos, stairlifts or other searches that are not a customer hiring a woodwork shop."
furniture restoration miami,90,16,Other place,Other place,,,Names a place outside Grace's 15 East Texas towns.
furniture restoration new orleans,90,19,Other place,Other place,,,Names a place outside Grace's 15 East Texas towns.
furniture restoration raleigh,90,31,Other place,Other place,,,Names a place outside Grace's 15 East Texas towns.
how does cabinet refacing work,90,25,Question,Question,/custom-cabinets/what-is-cabinet-refacing/,supporting,
kitchen cabinets 12 deep,90,24,DIY or product,DIY or product,,,"Shopping for stock kitchen cabinets, hardware or design ideas: retailers and showrooms own these; Grace builds and refinishes, it does not sell stock lines."
kitchen cabinets 30 inches wide,90,25,DIY or product,DIY or product,,,"Shopping for stock kitchen cabinets, hardware or design ideas: retailers and showrooms own these; Grace builds and refinishes, it does not sell stock lines."
kitchen cabinets 6,90,42,DIY or product,DIY or product,,,"Shopping for stock kitchen cabinets, hardware or design ideas: retailers and showrooms own these; Grace builds and refinishes, it does not sell stock lines."
kitchen cabinets all the way to the ceiling,90,18,DIY or product,DIY or product,,,"Shopping for stock kitchen cabinets, hardware or design ideas: retailers and showrooms own these; Grace builds and refinishes, it does not sell stock lines."
kitchen cabinets estimate,90,33,DIY or product,DIY or product,,,"Shopping for stock kitchen cabinets, hardware or design ideas: retailers and showrooms own these; Grace builds and refinishes, it does not sell stock lines."
kitchen cabinets facebook marketplace,90,33,DIY or product,Other business or brand,,,"Another company's name or a brand: searchers want that business, not Grace."
kitchen cabinets gold handles,90,36,DIY or product,DIY or product,,,"Shopping for stock kitchen cabinets, hardware or design ideas: retailers and showrooms own these; Grace builds and refinishes, it does not sell stock lines."
kitchen cabinets near me for sale,90,56,Other place,Off-topic,,,"Jobs, classes, videos, stairlifts or other searches that are not a customer hiring a woodwork shop."
kitchen cabinets parts,90,47,DIY or product,DIY or product,,,"A product, tool or material for doing it yourself: product pages win these, not a shop."
kitchen cabinets parts names,90,27,DIY or product,DIY or product,,,"A product, tool or material for doing it yourself: product pages win these, not a shop."
kitchen cabinets that look like furniture,90,24,DIY or product,DIY or product,,,"Shopping for stock kitchen cabinets, hardware or design ideas: retailers and showrooms own these; Grace builds and refinishes, it does not sell stock lines."
kitchen cabinets up to the ceiling,90,36,DIY or product,DIY or product,,,Sheet verdict kept: a product or do-it-yourself search.
old furniture restoration ideas,90,37,DIY or product,DIY or product,,,"Do-it-yourself how-to: the plan does not publish step-by-step DIY repair, power-tool or structural instructions; pages answer the question and say when to call."
porch post repair,90,22,Service (no place),Service,/porch-repair/,supporting,
quality cabinet refacing inc,90,21,Service (no place),Other business or brand,,,"Another company's name or a brand: searchers want that business, not Grace."
repair chair leg dowel,90,26,Service (no place),Service,/furniture-repair/chair-caning-and-repair/,supporting,
seat repair tape,90,28,DIY or product,DIY or product,,,"A product, tool or material for doing it yourself: product pages win these, not a shop."
table painting ideas easy,90,32,DIY or product,Off-topic,,,Off-topic or noise: not a search for woodwork Grace does.
table painting ideas pinterest,90,30,DIY or product,Off-topic,,,Off-topic or noise: not a search for woodwork Grace does.
what kitchen cabinets are best,90,25,Question,DIY or product,,,"Shopping for stock kitchen cabinets, hardware or design ideas: retailers and showrooms own these; Grace builds and refinishes, it does not sell stock lines."
when are carpenter bees active,90,34,Off-topic,Off-topic,,,Sheet verdict kept: not woodwork Grace does.
when are carpenter bees most active,90,33,Off-topic,Off-topic,,,Sheet verdict kept: not woodwork Grace does.
when painting cabinets should i paint the inside,90,25,Question,Service,/custom-cabinets/cabinet-painting/,supporting,
where carpenter ants are found,90,58,Off-topic,Off-topic,,,Sheet verdict kept: not woodwork Grace does.
which carpenter bees sting,90,39,Off-topic,Off-topic,,,Sheet verdict kept: not woodwork Grace does.
will wood shop,90,26,Question,Off-topic,,,Off-topic or noise: not a search for woodwork Grace does.
wood shop work bench,90,20,Service (no place),DIY or product,,,"Hobby woodworking shops, tools or the business of woodworking: not a customer looking for a shop to hire."
wood table repair near me,90,23,Other place,Service near me,/furniture-repair/table-refinishing/,supporting,
woodworking examples,90,29,Service (no place),DIY or product,,,"Hobby woodworking shops, tools or the business of woodworking: not a customer looking for a shop to hire."
woodworking shop cart,90,26,Service (no place),DIY or product,,,"Hobby woodworking shops, tools or the business of woodworking: not a customer looking for a shop to hire."
woodworking shop portland,90,29,Other place,Other place,,,Names a place outside Grace's 15 East Texas towns.
woodworking shop rental space,90,15,Service (no place),DIY or product,,,"Hobby woodworking shops, tools or the business of woodworking: not a customer looking for a shop to hire."
woodworking shop san diego,90,21,Other place,Other place,,,Names a place outside Grace's 15 East Texas towns.
woodworking shop setup ideas,90,34,DIY or product,DIY or product,,,"Hobby woodworking shops, tools or the business of woodworking: not a customer looking for a shop to hire."
zimmerman custom furniture,90,16,Service (no place),Other business or brand,,,"Another company's name or a brand: searchers want that business, not Grace."
3/8 zodiac sign,70,13,Service (no place),Off-topic,,,Off-topic or noise: not a search for woodwork Grace does.
611 carpenter ave,70,22,Off-topic,Off-topic,,,Sheet verdict kept: not woodwork Grace does.
built in shelves home office,70,36,Other place,Service,/custom-cabinets/built-in-shelves/,supporting,
built in shelves modern,70,66,Other place,Service,/custom-cabinets/built-in-shelves/,supporting,
built in shelves with lights,70,27,Other place,Service,/custom-cabinets/built-in-shelves/,supporting,
built in shoe shelves,70,31,Other place,Service,/custom-cabinets/built-in-shelves/,supporting,
cabinet paint colors 2025,70,22,Service (no place),Service,/custom-cabinets/cabinet-painting/,supporting,
cabinet painting drying rack,70,28,Service (no place),DIY or product,,,"A product, tool or material for doing it yourself: product pages win these, not a shop."
cabinet painting kansas city,70,14,Other place,Other place,,,Names a place outside Grace's 15 East Texas towns.
cabinet painting pittsburgh,70,17,Other place,Other place,,,Names a place outside Grace's 15 East Texas towns.
cabinet painting st louis,70,18,Other place,Other place,,,Names a place outside Grace's 15 East Texas towns.
cabinet refacing in sacramento,70,29,Other place,Other place,,,Names a place outside Grace's 15 East Texas towns.
cabinet refacing knoxville,70,20,Other place,Other place,,,Names a place outside Grace's 15 East Texas towns.
cabinet refacing naples,70,33,Other place,Other place,,,Names a place outside Grace's 15 East Texas towns.
cabinets longview tx,70,21,East Texas,East Texas,/custom-cabinets/longview-tx.html,supporting,
can carpenter ants be small,70,31,Off-topic,Off-topic,,,Sheet verdict kept: not woodwork Grace does.
can carpenter ants damage a house,70,33,Off-topic,Off-topic,,,Sheet verdict kept: not woodwork Grace does.
cane chair outdoor,70,22,Service (no place),DIY or product,,,"Shopping for a new or project piece, not for repair."
cane chair target,70,25,Service (no place),Other business or brand,,,"Another company's name or a brand: searchers want that business, not Grace."
carpenter 20,70,14,Off-topic,Off-topic,,,Sheet verdict kept: not woodwork Grace does.
carpenter 619,70,22,Off-topic,Off-topic,,,Sheet verdict kept: not woodwork Grace does.
carpenter enshrouded,70,24,Off-topic,Off-topic,,,Sheet verdict kept: not woodwork Grace does.
carpenter in arabic,70,25,Off-topic,Off-topic,,,Sheet verdict kept: not woodwork Grace does.
carpenter mimic leafcutter bee,70,22,Off-topic,Off-topic,,,Sheet verdict kept: not woodwork Grace does.
carpenter needed,70,26,Off-topic,Service,/,supporting,
carpenter overalls men,70,23,Off-topic,Off-topic,,,Sheet verdict kept: not woodwork Grace does.
carpenter queen,70,24,Off-topic,Off-topic,,,Sheet verdict kept: not woodwork Grace does.
carpenter union dues,70,22,Off-topic,Off-topic,,,"Jobs, classes, videos, stairlifts or other searches that are not a customer hiring a woodwork shop."
carpenter villager,70,40,Off-topic,Off-topic,,,Sheet verdict kept: not woodwork Grace does.
chair cane amazon,70,31,Off-topic,Other business or brand,,,"Another company's name or a brand: searchers want that business, not Grace."
chair cane plastic,70,26,Service (no place),DIY or product,,,"A product, tool or material for doing it yourself: product pages win these, not a shop."
chair caning classes,70,15,Off-topic,Off-topic,,,"Jobs, classes, videos, stairlifts or other searches that are not a customer hiring a woodwork shop."
chair caning diy,70,26,DIY or product,DIY or product,,,"Do-it-yourself how-to: the plan does not publish step-by-step DIY repair, power-tool or structural instructions; pages answer the question and say when to call."
chair fixing near me,70,29,Other place,Service near me,/furniture-repair/chair-caning-and-repair/,supporting,
chair repair leather,70,33,Service (no place),Off-topic,,,"Upholstery, leather, mechanisms or covers: not a service Grace has confirmed."
chair repair plastic,70,16,Service (no place),Off-topic,,,"Upholstery, leather, mechanisms or covers: not a service Grace has confirmed."
custom cabinets chattanooga,70,20,Other place,Other place,,,Names a place outside Grace's 15 East Texas towns.
custom cabinets columbia sc,70,15,Other place,Other place,,,Names a place outside Grace's 15 East Texas towns.
custom cabinets huntsville al,70,24,Other place,Other place,,,Names a place outside Grace's 15 East Texas towns.
custom cabinets ideas,70,25,DIY or product,DIY or product,,,"Do-it-yourself how-to: the plan does not publish step-by-step DIY repair, power-tool or structural instructions; pages answer the question and say when to call."
custom cabinets knoxville tn,70,22,Other place,Other place,,,Names a place outside Grace's 15 East Texas towns.
custom cabinets lancaster pa,70,37,Other place,Other place,,,Names a place outside Grace's 15 East Texas towns.
custom cabinets llc,70,20,Service (no place),Other business or brand,,,"Another company's name or a brand: searchers want that business, not Grace."
custom cabinets okc,70,32,Other place,Other place,,,Names a place outside Grace's 15 East Texas towns.
custom cabinets reno,70,22,Other place,Other place,,,Names a place outside Grace's 15 East Texas towns.
custom cabinets round rock,70,18,Other place,Other place,,,Names a place outside Grace's 15 East Texas towns.
custom cabinets savannah,70,23,Other place,Other place,,,Names a place outside Grace's 15 East Texas towns.
custom cabinets tacoma,70,22,Service (no place),Other place,,,Names a place outside Grace's 15 East Texas towns.
custom cabinets tulsa,70,24,Other place,Other place,,,Names a place outside Grace's 15 East Texas towns.
custom cabinets west palm beach,70,26,Other place,Other place,,,Names a place outside Grace's 15 East Texas towns.
custom cabinets wilmington nc,70,32,Other place,Other place,,,Names a place outside Grace's 15 East Texas towns.
custom dining table chairs,70,41,Service (no place),DIY or product,,,"Online or mass-produced custom products, or materials Grace does not work in (glass, metal, granite, laser-cut, lighted signs)."
custom dining table glass,70,29,Service (no place),DIY or product,,,"Online or mass-produced custom products, or materials Grace does not work in (glass, metal, granite, laser-cut, lighted signs)."
custom furniture brooklyn,70,36,Other place,Other place,,,Names a place outside Grace's 15 East Texas towns.
custom furniture business,70,18,Service (no place),DIY or product,,,"Hobby woodworking shops, tools or the business of woodworking: not a customer looking for a shop to hire."
custom furniture miami,70,18,Other place,Other place,,,Names a place outside Grace's 15 East Texas towns.
custom furniture minneapolis,70,19,Other place,Other place,,,Names a place outside Grace's 15 East Texas towns.
custom furniture north carolina,70,21,Service (no place),Other place,,,Names a place outside Grace's 15 East Texas towns.
custom furniture online,70,37,Service (no place),DIY or product,,,"Online or mass-produced custom products, or materials Grace does not work in (glass, metal, granite, laser-cut, lighted signs)."
custom furniture phoenix,70,17,Other place,Other place,,,Names a place outside Grace's 15 East Texas towns.
custom furniture shop near me,70,30,Other place,Service near me,/custom-furniture/,supporting,
custom furniture slipcovers,70,25,Service (no place),Off-topic,,,"Upholstery, leather, mechanisms or covers: not a service Grace has confirmed."
custom furniture st louis mo,70,26,Other place,Other place,,,Names a place outside Grace's 15 East Texas towns.
custom furniture upholstery near me,70,35,Other place,Off-topic,,,"Upholstery, leather, mechanisms or covers: not a service Grace has confirmed."
custom furniture website,70,80,Service (no place),DIY or product,,,"Hobby woodworking shops, tools or the business of woodworking: not a customer looking for a shop to hire."
custom furniture wilmington nc,70,21,Other place,Other place,,,Names a place outside Grace's 15 East Texas towns.
custom oval dining table,70,13,Service (no place),Service,/custom-furniture/custom-dining-tables/,supporting,
custom wood engraved plaques,70,27,Service (no place),Service,/custom-signs/,supporting,
custom wood plaques near me,70,29,Other place,Service near me,/custom-signs/,supporting,
custom wood signs for sale,70,27,DIY or product,Off-topic,,,"Jobs, classes, videos, stairlifts or other searches that are not a customer hiring a woodwork shop."
custom wood welcome signs,70,33,Service (no place),Service,/custom-signs/,supporting,
deck repair alexandria va,70,19,Other place,Other place,,,Names a place outside Grace's 15 East Texas towns.
deck repair and replacement near me,70,23,Other place,Service near me,/deck-repair/,supporting,
deck repair denver,70,14,Other place,Other place,,,Names a place outside Grace's 15 East Texas towns.
deck repair greensboro,70,32,Other place,Other place,,,Names a place outside Grace's 15 East Texas towns.
deck repair handyman near me,70,25,Other place,Service near me,/deck-repair/,supporting,
deck repair kit,70,14,DIY or product,DIY or product,,,"A product, tool or material for doing it yourself: product pages win these, not a shop."
deck repair portland,70,28,Other place,Other place,,,Names a place outside Grace's 15 East Texas towns.
deck repair richmond,70,16,Other place,Other place,,,Names a place outside Grace's 15 East Texas towns.
deck repair richmond va,70,18,Other place,Other place,,,Names a place outside Grace's 15 East Texas towns.
deck repair san diego,70,26,Other place,Other place,,,Names a place outside Grace's 15 East Texas towns.
deck repair wichita ks,70,17,Other place,Other place,,,Names a place outside Grace's 15 East Texas towns.
deck repair winston salem,70,22,Other place,Other place,,,Names a place outside Grace's 15 East Texas towns.
deck repair woodstock ga,70,15,Other place,Other place,,,Names a place outside Grace's 15 East Texas towns.
furniture refinishing atlanta,70,24,Other place,Other place,,,Names a place outside Grace's 15 East Texas towns.
furniture refinishing austin,70,19,Other place,Other place,,,Names a place outside Grace's 15 East Texas towns.
furniture refinishing before and after,70,33,Service (no place),Service,/furniture-repair/furniture-refinishing/,supporting,
furniture refinishing chicago,70,24,Other place,Other place,,,Names a place outside Grace's 15 East Texas towns.
furniture refinishing dallas,70,31,Other place,Other place,,,Names a place outside Grace's 15 East Texas towns.
furniture refinishing nj,70,30,Other place,Other place,,,Names a place outside Grace's 15 East Texas towns.
furniture refinishing nyc,70,22,Other place,Other place,,,Names a place outside Grace's 15 East Texas towns.
furniture refinishing price guide pdf,70,13,Off-topic,Question,/furniture-repair/furniture-refinishing-cost/,supporting,
furniture refinishing raleigh,70,37,Other place,Other place,,,Names a place outside Grace's 15 East Texas towns.
furniture refinishing san diego,70,18,Other place,Other place,,,Names a place outside Grace's 15 East Texas towns.
furniture repair at home,70,23,Service (no place),Service,,,In-home repair: Grace works in its Kilgore shop and has not confirmed on-site furniture repair.
furniture repair baltimore,70,15,Other place,Other place,,,Names a place outside Grace's 15 East Texas towns.
furniture repair baton rouge,70,26,Other place,Other place,,,Names a place outside Grace's 15 East Texas towns.
furniture repair birmingham al,70,22,Other place,Other place,,,Names a place outside Grace's 15 East Texas towns.
furniture repair cleveland,70,22,Other place,Other place,,,Names a place outside Grace's 15 East Texas towns.
furniture repair companies near me,70,18,Other place,Service near me,/furniture-repair/,supporting,
furniture repair fort myers,70,24,Other place,Other place,,,Names a place outside Grace's 15 East Texas towns.
furniture repair fort wayne,70,20,Other place,Other place,,,Names a place outside Grace's 15 East Texas towns.
furniture repair fort wayne indiana,70,20,Other place,Other place,,,Names a place outside Grace's 15 East Texas towns.
furniture repair fresno,70,25,Other place,Other place,,,Names a place outside Grace's 15 East Texas towns.
furniture repair greensboro nc,70,16,Other place,Other place,,,Names a place outside Grace's 15 East Texas towns.
furniture repair huntsville al,70,29,Other place,Other place,,,Names a place outside Grace's 15 East Texas towns.
furniture repair in baton rouge,70,28,Other place,Other place,,,Names a place outside Grace's 15 East Texas towns.
furniture repair in my area,70,31,Other place,Service,/furniture-repair/,supporting,
furniture repair kit wood markers,70,25,DIY or product,DIY or product,,,"A product, tool or material for doing it yourself: product pages win these, not a shop."
furniture repair lubbock,70,19,Other place,Other place,,,Names a place outside Grace's 15 East Texas towns.
furniture repair orange county,70,14,Other place,Other place,,,Names a place outside Grace's 15 East Texas towns.
furniture repair overland park,70,12,Other place,Other place,,,Names a place outside Grace's 15 East Texas towns.
furniture repair patches,70,29,Service (no place),Off-topic,,,"Upholstery, leather, mechanisms or covers: not a service Grace has confirmed."
furniture repair person,70,28,Service (no place),Service,/furniture-repair/,supporting,
furniture repair queens ny,70,19,Other place,Other place,,,Names a place outside Grace's 15 East Texas towns.
furniture repair recliners,70,23,Service (no place),Off-topic,,,"Upholstery, leather, mechanisms or covers: not a service Grace has confirmed."
furniture repair reno nv,70,23,Other place,Other place,,,Names a place outside Grace's 15 East Texas towns.
furniture repair supplies,70,22,DIY or product,DIY or product,,,"A product, tool or material for doing it yourself: product pages win these, not a shop."
furniture repair technician near me,70,32,Other place,Service near me,/furniture-repair/,supporting,
furniture repair upholstery,70,20,Service (no place),Off-topic,,,"Upholstery, leather, mechanisms or covers: not a service Grace has confirmed."
furniture repair virginia beach,70,21,Other place,Other place,,,Names a place outside Grace's 15 East Texas towns.
furniture repair wax,70,17,DIY or product,DIY or product,,,"A product, tool or material for doing it yourself: product pages win these, not a shop."
furniture repair wilmington nc,70,15,Other place,Other place,,,Names a place outside Grace's 15 East Texas towns.
furniture restoration before and after,70,31,Service (no place),Service,/furniture-repair/,supporting,
furniture restoration boston,70,14,Other place,Other place,,,Names a place outside Grace's 15 East Texas towns.
furniture restoration ct,70,21,Other place,Other place,,,Names a place outside Grace's 15 East Texas towns.
furniture restoration kit,70,26,DIY or product,DIY or product,,,"A product, tool or material for doing it yourself: product pages win these, not a shop."
furniture restoration las vegas,70,26,Other place,Other place,,,Names a place outside Grace's 15 East Texas towns.
furniture restoration long island,70,26,Other place,Other place,,,Names a place outside Grace's 15 East Texas towns.
furniture restoration san diego,70,19,Other place,Other place,,,Names a place outside Grace's 15 East Texas towns.
furniture restoration workshop,70,19,Service (no place),DIY or product,,,"Hobby woodworking shops, tools or the business of woodworking: not a customer looking for a shop to hire."
furniture restoration youtube,70,34,Off-topic,Off-topic,,,"Jobs, classes, videos, stairlifts or other searches that are not a customer hiring a woodwork shop."
how many carpenter bees should i have bss,70,28,Off-topic,Off-topic,,,Sheet verdict kept: not woodwork Grace does.
how much does deck refinishing cost,70,28,Question,Service,/deck-repair/,supporting,
how often should office chairs be replaced,70,13,Off-topic,Off-topic,,,"Upholstery, leather, mechanisms or covers: not a service Grace has confirmed."
how to build built in shelves around fireplace,70,33,Other place,DIY or product,,,"Do-it-yourself how-to: the plan does not publish step-by-step DIY repair, power-tool or structural instructions; pages answer the question and say when to call."
how to repair deck boards,70,23,Question,DIY or product,,,"Do-it-yourself how-to: the plan does not publish step-by-step DIY repair, power-tool or structural instructions; pages answer the question and say when to call."
is woodworking profitable,70,23,Question,DIY or product,,,"Hobby woodworking shops, tools or the business of woodworking: not a customer looking for a shop to hire."
kitchen cabinets 15 inches deep,70,36,DIY or product,DIY or product,,,"Shopping for stock kitchen cabinets, hardware or design ideas: retailers and showrooms own these; Grace builds and refinishes, it does not sell stock lines."
kitchen cabinets 16 inches deep,70,26,DIY or product,DIY or product,,,"Shopping for stock kitchen cabinets, hardware or design ideas: retailers and showrooms own these; Grace builds and refinishes, it does not sell stock lines."
kitchen cabinets 18 inches wide,70,19,DIY or product,DIY or product,,,"Shopping for stock kitchen cabinets, hardware or design ideas: retailers and showrooms own these; Grace builds and refinishes, it does not sell stock lines."
kitchen cabinets 8,70,44,DIY or product,DIY or product,,,"Shopping for stock kitchen cabinets, hardware or design ideas: retailers and showrooms own these; Grace builds and refinishes, it does not sell stock lines."
kitchen cabinets 9 ceiling,70,36,DIY or product,DIY or product,,,Sheet verdict kept: a product or do-it-yourself search.
kitchen cabinets erie pa,70,18,Other place,Other place,,,Names a place outside Grace's 15 East Texas towns.
kitchen cabinets near me open now,70,44,Other place,Other business or brand,,,"Another company's name or a brand: searchers want that business, not Grace."
kitchen cabinets not to ceiling,70,36,DIY or product,DIY or product,,,Sheet verdict kept: a product or do-it-yourself search.
kitchen cabinets on amazon,70,37,Off-topic,Other business or brand,,,"Another company's name or a brand: searchers want that business, not Grace."
kitchen cabinets on sale near me,70,57,Other place,DIY or product,,,"Shopping for stock kitchen cabinets, hardware or design ideas: retailers and showrooms own these; Grace builds and refinishes, it does not sell stock lines."
kitchen cabinets reddit,70,36,Off-topic,Off-topic,,,"Jobs, classes, videos, stairlifts or other searches that are not a customer hiring a woodwork shop."
kitchen cabinets tyler tx,70,24,East Texas,East Texas,/custom-cabinets/tyler-tx.html,supporting,
kitchen cabinets vintage style,70,33,DIY or product,DIY or product,,,"Shopping for stock kitchen cabinets, hardware or design ideas: retailers and showrooms own these; Grace builds and refinishes, it does not sell stock lines."
kitchen cabinets yonkers,70,24,DIY or product,DIY or product,,,Sheet verdict kept: a product or do-it-yourself search.
kitchen cabinets york pa,70,14,Other place,Other place,,,Names a place outside Grace's 15 East Texas towns.
kitchen table refinishing ideas,70,20,DIY or product,DIY or product,,,"Do-it-yourself how-to: the plan does not publish step-by-step DIY repair, power-tool or structural instructions; pages answer the question and say when to call."
large outdoor custom wood signs,70,23,Service (no place),Service,/custom-signs/,supporting,
porch railing repair,70,24,Service (no place),Service,/porch-repair/,supporting,
porch screen repair cost,70,24,Service (no place),Off-topic,,,"Screens, masonry, roofing or full replacement: outside the porch and deck repair Grace confirmed."
refinishing antique table,70,24,Service (no place),Service,/furniture-repair/table-refinishing/,supporting,
street sign color meaning,70,30,Service (no place),Off-topic,,,Off-topic or noise: not a search for woodwork Grace does.
table restoration near me,70,17,Other place,Service near me,/furniture-repair/table-refinishing/,supporting,
vintage furniture restoration near me,70,22,Other place,Service near me,/furniture-repair/antique-furniture-restoration/,supporting,
what carpenter ants look like,70,41,Off-topic,Off-topic,,,Sheet verdict kept: not woodwork Grace does.
what is custom furniture,70,23,Question,Service,/custom-furniture/,supporting,
what is furniture restoration,70,21,Question,Service,/furniture-repair/,supporting,
when refinishing hardwood floors,70,26,Question,Off-topic,,,Floor refinishing: not a service Grace has confirmed.
who paint kitchen cabinets,70,32,Question,Service,/custom-cabinets/cabinet-painting/,supporting,
will ikea install kitchen cabinets,70,12,Off-topic,Other business or brand,,,"Another company's name or a brand: searchers want that business, not Grace."
wood shop game,70,37,Off-topic,Off-topic,,,Sheet verdict kept: not woodwork Grace does.
wood shop work table,70,52,Service (no place),DIY or product,,,"Hobby woodworking shops, tools or the business of woodworking: not a customer looking for a shop to hire."
wood table finish repair,70,30,Service (no place),Service,/furniture-repair/table-refinishing/,supporting,
woodworking shop austin,70,36,Other place,Other place,,,Names a place outside Grace's 15 East Texas towns.
woodworking shop chicago,70,21,Other place,Other place,,,Names a place outside Grace's 15 East Texas towns.
woodworking shop design ideas,70,32,DIY or product,DIY or product,,,"Do-it-yourself how-to: the plan does not publish step-by-step DIY repair, power-tool or structural instructions; pages answer the question and say when to call."
woodworking shop essentials,70,44,Service (no place),DIY or product,,,"Hobby woodworking shops, tools or the business of woodworking: not a customer looking for a shop to hire."
woodworking shop flooring,70,38,Service (no place),Off-topic,,,Floor refinishing: not a service Grace has confirmed.
woodworking shop for rent near me,70,15,Other place,DIY or product,,,"Hobby woodworking shops, tools or the business of woodworking: not a customer looking for a shop to hire."
woodworking shop indianapolis,70,21,Other place,Other place,,,Names a place outside Grace's 15 East Texas towns.
woodworking shop lights,70,44,Service (no place),DIY or product,,,"Hobby woodworking shops, tools or the business of woodworking: not a customer looking for a shop to hire."
woodworking shop memphis,70,14,Other place,Other place,,,Names a place outside Grace's 15 East Texas towns.
woodworking shop phoenix,70,31,Other place,Other place,,,Names a place outside Grace's 15 East Texas towns.
woodworking shop vac dust collection,70,36,Service (no place),DIY or product,,,"Hobby woodworking shops, tools or the business of woodworking: not a customer looking for a shop to hire."
woodworking shops in my area,70,60,Other place,Service,/,supporting,
xfinity carpenter road,70,25,Off-topic,Off-topic,,,Sheet verdict kept: not woodwork Grace does.
79 carpenter st warwick ri,50,8,Off-topic,Off-topic,,,Sheet verdict kept: not woodwork Grace does.
antique wood furniture restoration near me,50,19,Other place,Service near me,/furniture-repair/antique-furniture-restoration/,supporting,
built in bookshelves home office,50,30,Other place,Service,/custom-cabinets/built-in-shelves/,supporting,
built in shelves around bed,50,31,Other place,Service,/custom-cabinets/built-in-shelves/,supporting,
built in shelves around fireplace ideas,50,31,Other place,DIY or product,,,"Do-it-yourself how-to: the plan does not publish step-by-step DIY repair, power-tool or structural instructions; pages answer the question and say when to call."
built in shelves design,50,35,Other place,Service,/custom-cabinets/built-in-shelves/,supporting,
built in shelves with bench,50,26,Other place,Service,/custom-cabinets/built-in-shelves/,supporting,
cabinet paint touch up kit,50,19,DIY or product,DIY or product,,,"A product, tool or material for doing it yourself: product pages win these, not a shop."
cabinet painting cincinnati,50,21,Other place,Other place,,,Names a place outside Grace's 15 East Texas towns.
cabinet painting houston,50,17,Other place,Other place,,,Names a place outside Grace's 15 East Texas towns.
cabinet painting jacksonville,50,23,Other place,Other place,,,Names a place outside Grace's 15 East Texas towns.
cabinet painting jacksonville fl,50,21,Other place,Other place,,,Names a place outside Grace's 15 East Texas towns.
cabinet painting minneapolis,50,8,Other place,Other place,,,Names a place outside Grace's 15 East Texas towns.
cabinet painting nashville,50,19,Other place,Other place,,,Names a place outside Grace's 15 East Texas towns.
cabinet painting utah,50,21,Service (no place),Other place,,,Names a place outside Grace's 15 East Texas towns.
cabinet refacing cost vs new cabinets,50,9,Question,Question,/custom-cabinets/what-is-cabinet-refacing/,supporting,
cabinet refacing in st louis,50,30,Other place,Other place,,,Names a place outside Grace's 15 East Texas towns.
cabinet refinishing jacksonville fl,50,17,Other place,Other place,,,Names a place outside Grace's 15 East Texas towns.
cane chair dining set,50,17,Service (no place),DIY or product,,,"Shopping for a new or project piece, not for repair."
cane chair ikea,50,26,Off-topic,Other business or brand,,,"Another company's name or a brand: searchers want that business, not Grace."
carpenter 1 fire,50,23,Off-topic,Off-topic,,,Sheet verdict kept: not woodwork Grace does.
carpenter double knee pants,50,36,Off-topic,Off-topic,,,Sheet verdict kept: not woodwork Grace does.
carpenter glue home depot,50,42,Off-topic,Other business or brand,,,"Another company's name or a brand: searchers want that business, not Grace."
carpenter in hebrew,50,24,Off-topic,Off-topic,,,Sheet verdict kept: not woodwork Grace does.
carpenter in hindi,50,30,Off-topic,Off-topic,,,Sheet verdict kept: not woodwork Grace does.
carpenter in italian,50,25,Off-topic,Off-topic,,,Sheet verdict kept: not woodwork Grace does.
carpenter in russian,50,25,Off-topic,Off-topic,,,Sheet verdict kept: not woodwork Grace does.
carpenter knot,50,32,Off-topic,Off-topic,,,Sheet verdict kept: not woodwork Grace does.
carpenter near me for furniture,50,31,Other place,DIY or product,,,"A product, tool or material for doing it yourself: product pages win these, not a shop."
carpenter occupation,50,27,Off-topic,Off-topic,,,Sheet verdict kept: not woodwork Grace does.
carpenter quilt pattern,50,34,Off-topic,Off-topic,,,Sheet verdict kept: not woodwork Grace does.
carpenter racing engines,50,18,Off-topic,Off-topic,,,Sheet verdict kept: not woodwork Grace does.
carpenters xg login,50,23,Off-topic,Off-topic,,,Sheet verdict kept: not woodwork Grace does.
chair 5 reviews,50,25,Service (no place),Other business or brand,,,"Another company's name or a brand: searchers want that business, not Grace."
chair 9 reviews,50,26,Service (no place),Other business or brand,,,"Another company's name or a brand: searchers want that business, not Grace."
chair repair diy,50,32,DIY or product,DIY or product,,,"Do-it-yourself how-to: the plan does not publish step-by-step DIY repair, power-tool or structural instructions; pages answer the question and say when to call."
custom cabinets baton rouge,50,25,Other place,Other place,,,Names a place outside Grace's 15 East Texas towns.
custom cabinets birmingham al,50,25,Other place,Other place,,,Names a place outside Grace's 15 East Texas towns.
custom cabinets dc,50,15,Other place,Other place,,,Names a place outside Grace's 15 East Texas towns.
custom cabinets el paso,50,24,Other place,Other place,,,Names a place outside Grace's 15 East Texas towns.
custom cabinets entertainment center,50,28,Service (no place),Service,/custom-cabinets/,supporting,
custom cabinets green bay,50,25,Service (no place),Other place,,,Names a place outside Grace's 15 East Texas towns.
custom cabinets jobs,50,17,Off-topic,Off-topic,,,"Jobs, classes, videos, stairlifts or other searches that are not a customer hiring a woodwork shop."
custom cabinets lexington ky,50,24,Other place,Other place,,,Names a place outside Grace's 15 East Texas towns.
custom cabinets milwaukee,50,22,Other place,Other place,,,Names a place outside Grace's 15 East Texas towns.
custom cabinets mooresville nc,50,14,Other place,Other place,,,Names a place outside Grace's 15 East Texas towns.
custom cabinets rochester ny,50,17,Other place,Other place,,,Names a place outside Grace's 15 East Texas towns.
custom cabinets spokane wa,50,29,Other place,Other place,,,Names a place outside Grace's 15 East Texas towns.
custom cabinets virginia beach,50,14,Other place,Other place,,,Names a place outside Grace's 15 East Texas towns.
custom furniture china,50,20,Service (no place),DIY or product,,,"Online or mass-produced custom products, or materials Grace does not work in (glass, metal, granite, laser-cut, lighted signs)."
custom furniture expressions,50,25,Service (no place),Other business or brand,,,"Another company's name or a brand: searchers want that business, not Grace."
custom furniture kansas city,50,27,Other place,Other place,,,Names a place outside Grace's 15 East Texas towns.
custom furniture las vegas,50,25,Other place,Other place,,,Names a place outside Grace's 15 East Texas towns.
custom furniture nashville,50,25,Other place,Other place,,,Names a place outside Grace's 15 East Texas towns.
custom furniture new jersey,50,21,Service (no place),Other place,,,Names a place outside Grace's 15 East Texas towns.
custom furniture okc,50,25,Other place,Other place,,,Names a place outside Grace's 15 East Texas towns.
custom furniture pittsburgh,50,17,Other place,Other place,,,Names a place outside Grace's 15 East Texas towns.
custom furniture raleigh,50,17,Other place,Other place,,,Names a place outside Grace's 15 East Texas towns.
custom furniture utah,50,25,Service (no place),Other place,,,Names a place outside Grace's 15 East Texas towns.
custom furniture vermont,50,56,Service (no place),Other place,,,Names a place outside Grace's 15 East Texas towns.
custom furniture woodworking near me,50,18,Other place,Service near me,/custom-furniture/,supporting,
custom wood address signs,50,18,Service (no place),Service,/custom-signs/,supporting,
custom wood name signs near me,50,28,Other place,Service near me,/custom-signs/,supporting,
custom wood painted signs,50,36,Service (no place),Service,/custom-signs/,supporting,
custom wood signs australia,50,30,Other place,Other place,,,Names a place outside Grace's 15 East Texas towns.
custom wood signs last name,50,29,Service (no place),Service,/custom-signs/,supporting,
custom wood sizes,50,23,Service (no place),Off-topic,,,Off-topic or noise: not a search for woodwork Grace does.
custom wood table tops near me,50,15,Other place,Service near me,/custom-furniture/custom-dining-tables/,supporting,
custom wood works near me,50,33,Other place,DIY or product,,,"Online or mass-produced custom products, or materials Grace does not work in (glass, metal, granite, laser-cut, lighted signs)."
deck and porch repair near me,50,21,Other place,Service near me,/deck-repair/,supporting,
deck refinishing diy,50,31,DIY or product,DIY or product,,,"Do-it-yourself how-to: the plan does not publish step-by-step DIY repair, power-tool or structural instructions; pages answer the question and say when to call."
deck repair alpharetta,50,18,Service (no place),Other place,,,Names a place outside Grace's 15 East Texas towns.
deck repair and painting,50,20,Service (no place),Service,/deck-repair/,supporting,
deck repair baltimore,50,25,Other place,Other place,,,Names a place outside Grace's 15 East Texas towns.
deck repair before and after,50,29,Service (no place),Service,/deck-repair/,supporting,
deck repair dayton ohio,50,13,Other place,Other place,,,Names a place outside Grace's 15 East Texas towns.
deck repair diy,50,25,DIY or product,DIY or product,,,"Do-it-yourself how-to: the plan does not publish step-by-step DIY repair, power-tool or structural instructions; pages answer the question and say when to call."
deck repair epoxy,50,24,Service (no place),DIY or product,,,"A product, tool or material for doing it yourself: product pages win these, not a shop."
deck repair frederick md,50,26,Other place,Other place,,,Names a place outside Grace's 15 East Texas towns.
deck repair houston,50,15,Other place,Other place,,,Names a place outside Grace's 15 East Texas towns.
deck repair indianapolis,50,17,Other place,Other place,,,Names a place outside Grace's 15 East Texas towns.
deck repair lincoln ne,50,25,Other place,Other place,,,Names a place outside Grace's 15 East Texas towns.
deck repair marietta ga,50,25,Other place,Other place,,,Names a place outside Grace's 15 East Texas towns.
deck repair naperville,50,27,Service (no place),Other place,,,Names a place outside Grace's 15 East Texas towns.
deck repair san antonio,50,20,Other place,Other place,,,Names a place outside Grace's 15 East Texas towns.
does cabinets to go install,50,31,Question,Other business or brand,,,"Another company's name or a brand: searchers want that business, not Grace."
does home depot do custom cabinets,50,30,Off-topic,Other business or brand,,,"Another company's name or a brand: searchers want that business, not Grace."
ethan allen custom dining table,50,39,Service (no place),Other business or brand,,,"Another company's name or a brand: searchers want that business, not Grace."
furniture 86,50,33,Service (no place),Other business or brand,,,"Another company's name or a brand: searchers want that business, not Grace."
furniture refinishing columbus ohio,50,27,Other place,Other place,,,Names a place outside Grace's 15 East Texas towns.
furniture refinishing denver,50,23,Other place,Other place,,,Names a place outside Grace's 15 East Texas towns.
furniture refinishing jacksonville,50,26,Other place,Other place,,,Names a place outside Grace's 15 East Texas towns.
furniture refinishing las vegas,50,20,Other place,Other place,,,Names a place outside Grace's 15 East Texas towns.
furniture refinishing los angeles,50,23,Other place,Other place,,,Names a place outside Grace's 15 East Texas towns.
furniture refinishing nashville,50,25,Other place,Other place,,,Names a place outside Grace's 15 East Texas towns.
furniture refinishing oil,50,22,Service (no place),DIY or product,,,"A product, tool or material for doing it yourself: product pages win these, not a shop."
furniture refinishing phoenix,50,25,Other place,Other place,,,Names a place outside Grace's 15 East Texas towns.
furniture refinishing portland oregon,50,24,Other place,Other place,,,Names a place outside Grace's 15 East Texas towns.
furniture refinishing richmond va,50,24,Other place,Other place,,,Names a place outside Grace's 15 East Texas towns.
furniture refinishing san antonio,50,30,Other place,Other place,,,Names a place outside Grace's 15 East Texas towns.
furniture refinishing seattle,50,25,Other place,Other place,,,Names a place outside Grace's 15 East Texas towns.
furniture refinishing st louis,50,22,Other place,Other place,,,Names a place outside Grace's 15 East Texas towns.
furniture refinishing tampa,50,22,Other place,Other place,,,Names a place outside Grace's 15 East Texas towns.
furniture refinishing videos,50,32,DIY or product,Off-topic,,,"Jobs, classes, videos, stairlifts or other searches that are not a customer hiring a woodwork shop."
furniture repair bakersfield,50,25,Other place,Other place,,,Names a place outside Grace's 15 East Texas towns.
furniture repair bank seattle,50,25,Other place,Other place,,,Names a place outside Grace's 15 East Texas towns.
furniture repair charleston sc,50,27,Other place,Other place,,,Names a place outside Grace's 15 East Texas towns.
furniture repair charlottesville,50,26,Service (no place),Other place,,,Names a place outside Grace's 15 East Texas towns.
furniture repair durham nc,50,28,Other place,Other place,,,Names a place outside Grace's 15 East Texas towns.
furniture repair eugene,50,24,Service (no place),Other place,,,Names a place outside Grace's 15 East Texas towns.
furniture repair eugene oregon,50,23,Service (no place),Other place,,,Names a place outside Grace's 15 East Texas towns.
furniture repair fayetteville nc,50,25,Other place,Other place,,,Names a place outside Grace's 15 East Texas towns.
furniture repair green bay wi,50,24,Other place,Other place,,,Names a place outside Grace's 15 East Texas towns.
furniture repair kit home depot,50,8,Off-topic,Other business or brand,,,"Another company's name or a brand: searchers want that business, not Grace."
furniture repair little rock,50,23,Other place,Other place,,,Names a place outside Grace's 15 East Texas towns.
furniture repair mesa az,50,25,Other place,Other place,,,Names a place outside Grace's 15 East Texas towns.
furniture repair nearby,50,29,Service (no place),Service,/furniture-repair/,supporting,
furniture repair ocala,50,21,Service (no place),Other place,,,Names a place outside Grace's 15 East Texas towns.
furniture repair paint,50,32,Service (no place),Service,/furniture-repair/furniture-refinishing/,supporting,
furniture repair pasadena,50,25,Other place,Other place,,,Names a place outside Grace's 15 East Texas towns.
furniture repair places near me,50,32,Other place,Service near me,/furniture-repair/,supporting,
furniture repair putty,50,27,Service (no place),DIY or product,,,"A product, tool or material for doing it yourself: product pages win these, not a shop."
furniture repair queens,50,18,Other place,Other place,,,Names a place outside Grace's 15 East Texas towns.
furniture repair refinishing near me,50,23,Other place,Service near me,/furniture-repair/furniture-refinishing/,supporting,
furniture repair restoration near me,50,26,Other place,Service near me,/furniture-repair/,supporting,
furniture repair rhode island,50,27,Service (no place),Other place,,,Names a place outside Grace's 15 East Texas towns.
furniture restoration brooklyn,50,25,Other place,Other place,,,Names a place outside Grace's 15 East Texas towns.
furniture restoration dallas,50,25,Other place,Other place,,,Names a place outside Grace's 15 East Texas towns.
furniture restoration in ct,50,18,Other place,Other place,,,Names a place outside Grace's 15 East Texas towns.
furniture restoration indianapolis,50,14,Other place,Other place,,,Names a place outside Grace's 15 East Texas towns.
furniture restoration jacksonville,50,21,Other place,Other place,,,Names a place outside Grace's 15 East Texas towns.
furniture restoration kansas city,50,21,Other place,Other place,,,Names a place outside Grace's 15 East Texas towns.
furniture restoration minneapolis,50,27,Other place,Other place,,,Names a place outside Grace's 15 East Texas towns.
furniture restoration nashville,50,12,Other place,Other place,,,Names a place outside Grace's 15 East Texas towns.
furniture restoration new jersey,50,36,Service (no place),Other place,,,Names a place outside Grace's 15 East Texas towns.
furniture restoration oil,50,44,Service (no place),DIY or product,,,"A product, tool or material for doing it yourself: product pages win these, not a shop."
furniture restoration services near me,50,17,Other place,Service near me,/furniture-repair/,supporting,
furniture restoration tampa,50,28,Other place,Other place,,,Names a place outside Grace's 15 East Texas towns.
furniture restoration tucson,50,30,Other place,Other place,,,Names a place outside Grace's 15 East Texas towns.
how much carpenter make a year,50,25,Off-topic,Off-topic,,,Sheet verdict kept: not woodwork Grace does.
how much does it cost to refinish a table,50,25,Question,Question,/furniture-repair/furniture-refinishing-cost/,supporting,
how much is cabinet painting,50,36,Question,Question,/custom-cabinets/cabinet-painting-cost/,supporting,
how to repair chair webbing,50,28,Question,Off-topic,,,"Upholstery, leather, mechanisms or covers: not a service Grace has confirmed."
how to repair deck wood,50,35,Question,DIY or product,,,"Do-it-yourself how-to: the plan does not publish step-by-step DIY repair, power-tool or structural instructions; pages answer the question and say when to call."
kitchen cabinets 2nd hand,50,22,DIY or product,DIY or product,,,Sheet verdict kept: a product or do-it-yourself search.
kitchen cabinets 3d design,50,44,DIY or product,DIY or product,,,Sheet verdict kept: a product or do-it-yourself search.
kitchen cabinets 4 you,50,25,DIY or product,DIY or product,,,Sheet verdict kept: a product or do-it-yourself search.
kitchen cabinets 60 inches,50,23,DIY or product,DIY or product,,,"Shopping for stock kitchen cabinets, hardware or design ideas: retailers and showrooms own these; Grace builds and refinishes, it does not sell stock lines."
kitchen cabinets at lowes in stock,50,24,Off-topic,Other business or brand,,,"Another company's name or a brand: searchers want that business, not Grace."
kitchen cabinets build yourself,50,51,DIY or product,DIY or product,,,Sheet verdict kept: a product or do-it-yourself search.
kitchen cabinets kraftmaid,50,40,Off-topic,Off-topic,,,Sheet verdict kept: not woodwork Grace does.
kitchen cabinets lights under,50,42,DIY or product,DIY or product,,,Sheet verdict kept: a product or do-it-yourself search.
kitchen cabinets made from pallets,50,30,DIY or product,DIY or product,,,Sheet verdict kept: a product or do-it-yourself search.
kitchen cabinets marketplace,50,35,DIY or product,DIY or product,,,Sheet verdict kept: a product or do-it-yourself search.
kitchen cabinets upper and lower different colors,50,30,Off-topic,Off-topic,,,Sheet verdict kept: not woodwork Grace does.
kitchen cabinets vancouver wa,50,18,Other place,Other place,,,Names a place outside Grace's 15 East Texas towns.
porch foundation repair,50,18,Service (no place),Off-topic,,,"Screens, masonry, roofing or full replacement: outside the porch and deck repair Grace confirmed."
porch replacement windows,50,13,Service (no place),Off-topic,,,"Screens, masonry, roofing or full replacement: outside the porch and deck repair Grace confirmed."
porch step repair,50,30,Service (no place),Service,/porch-repair/,supporting,
repair table in mysql,50,25,Other place,Other place,,,Names a place outside Grace's 15 East Texas towns.
table top refinishing ideas,50,41,DIY or product,DIY or product,,,"Do-it-yourself how-to: the plan does not publish step-by-step DIY repair, power-tool or structural instructions; pages answer the question and say when to call."
tyler cabinets,50,21,East Texas,East Texas,/custom-cabinets/tyler-tx.html,supporting,
upholstery zipper repair near me,50,26,Other place,Off-topic,,,"Upholstery, leather, mechanisms or covers: not a service Grace has confirmed."
wheel chair repair parts,50,24,Off-topic,Off-topic,,,"Upholstery, leather, mechanisms or covers: not a service Grace has confirmed."
when do carpenter bees go to sleep,50,29,Off-topic,Off-topic,,,Sheet verdict kept: not woodwork Grace does.
when do carpenter bees lay eggs,50,32,Off-topic,Off-topic,,,Sheet verdict kept: not woodwork Grace does.
which sabrina carpenter song are you,50,20,Off-topic,Off-topic,,,Sheet verdict kept: not woodwork Grace does.
who owns kraftmaid cabinets,50,33,Off-topic,Off-topic,,,Sheet verdict kept: not woodwork Grace does.
wood furniture refinishing tools,50,26,DIY or product,DIY or product,,,"A product, tool or material for doing it yourself: product pages win these, not a shop."
wood furniture repair shops,50,27,Service (no place),Service,/furniture-repair/,supporting,
wood shop kits,50,32,DIY or product,DIY or product,,,Sheet verdict kept: a product or do-it-yourself search.
woodworking shop com,50,30,Service (no place),Other business or brand,,,"Another company's name or a brand: searchers want that business, not Grace."
woodworking shop dallas,50,41,Other place,Other place,,,Names a place outside Grace's 15 East Texas towns.
woodworking shop las vegas,50,29,Other place,Other place,,,Names a place outside Grace's 15 East Texas towns.
woodworking shop layout designs,50,33,Service (no place),DIY or product,,,"Hobby woodworking shops, tools or the business of woodworking: not a customer looking for a shop to hire."
woodworking shop membership,50,16,Service (no place),DIY or product,,,"Hobby woodworking shops, tools or the business of woodworking: not a customer looking for a shop to hire."
woodworking shop san francisco,50,21,Other place,Other place,,,Names a place outside Grace's 15 East Texas towns.
woodworking shop size,50,24,Service (no place),DIY or product,,,"Hobby woodworking shops, tools or the business of woodworking: not a customer looking for a shop to hire."
woodworking shop tool storage ideas,50,32,DIY or product,DIY or product,,,"A product, tool or material for doing it yourself: product pages win these, not a shop."
woodworking shop tours,50,32,Service (no place),DIY or product,,,"Hobby woodworking shops, tools or the business of woodworking: not a customer looking for a shop to hire."
x chair replacement parts,50,21,DIY or product,DIY or product,,,"A product, tool or material for doing it yourself: product pages win these, not a shop."
yankee woodworking shop,50,47,Service (no place),Other business or brand,,,"Another company's name or a brand: searchers want that business, not Grace."
z shelves,50,16,Service (no place),Off-topic,,,Off-topic or noise: not a search for woodwork Grace does.
5450 carpenter rd ypsilanti mi,40,23,Off-topic,Off-topic,,,Sheet verdict kept: not woodwork Grace does.
731 carpenter street philadelphia pa,40,10,Off-topic,Other place,,,Names a place outside Grace's 15 East Texas towns.
7560 carpenter fire station road,40,14,Off-topic,Off-topic,,,Sheet verdict kept: not woodwork Grace does.
antique furniture veneer repair,40,33,Service (no place),Question,/furniture-repair/furniture-veneer-repair/,supporting,
are custom cabinets worth it,40,19,Question,Service,/custom-cabinets/,supporting,
built in shelves above toilet,40,29,Other place,Service,/custom-cabinets/built-in-shelves/,supporting,
built in shelves for pantry,40,30,Other place,Service,/custom-cabinets/built-in-shelves/,supporting,
built in shelves kitchen,40,40,Other place,Service,/custom-cabinets/built-in-shelves/,supporting,
built in shelves under stairs,40,30,Other place,Service,/custom-cabinets/built-in-shelves/,supporting,
cabinet makers in el paso,40,25,Other place,Other place,,,Names a place outside Grace's 15 East Texas towns.
cabinet makers texas,40,31,Service (no place),Service,/custom-cabinets/,supporting,
cabinet paint for bathroom,40,25,Service (no place),DIY or product,,,"A product, tool or material for doing it yourself: product pages win these, not a shop."
cabinet paint kit lowes,40,24,Off-topic,Other business or brand,,,"Another company's name or a brand: searchers want that business, not Grace."
cabinet paint that looks like wood,40,30,Service (no place),DIY or product,,,"A product, tool or material for doing it yourself: product pages win these, not a shop."
cabinet paint with hardener,40,15,Service (no place),DIY or product,,,"A product, tool or material for doing it yourself: product pages win these, not a shop."
cabinet painting before and after pictures,40,24,Service (no place),Service,/custom-cabinets/cabinet-painting/,supporting,
cabinet painting edmonton,40,18,Other place,Other place,,,Names a place outside Grace's 15 East Texas towns.
cabinet painting greensboro nc,40,23,Other place,Other place,,,Names a place outside Grace's 15 East Texas towns.
cabinet painting hangers,40,29,Service (no place),DIY or product,,,"A product, tool or material for doing it yourself: product pages win these, not a shop."
cabinet painting prep,40,23,Service (no place),Service,/custom-cabinets/cabinet-painting/,supporting,
cabinet painting raleigh,40,17,Other place,Other place,,,Names a place outside Grace's 15 East Texas towns.
cabinet painting raleigh nc,40,22,Other place,Other place,,,Names a place outside Grace's 15 East Texas towns.
cabinet painting richmond va,40,28,Other place,Other place,,,Names a place outside Grace's 15 East Texas towns.
cabinet painting seattle,40,19,Other place,Other place,,,Names a place outside Grace's 15 East Texas towns.
cabinet painting stands,40,29,Service (no place),DIY or product,,,"A product, tool or material for doing it yourself: product pages win these, not a shop."
cabinet reface direct queens,40,46,Other place,Other place,,,Names a place outside Grace's 15 East Texas towns.
cabinet refacing colors,40,19,Service (no place),Service,/custom-cabinets/cabinet-refacing/,supporting,
cabinet refacing louisville,40,17,Other place,Other place,,,Names a place outside Grace's 15 East Texas towns.
cabinet refacing pictures,40,29,Service (no place),Service,/custom-cabinets/cabinet-refacing/,supporting,
cabinet refacing san antonio,40,20,Other place,Other place,,,Names a place outside Grace's 15 East Texas towns.
cabinet refinishing jacksonville,40,19,Other place,Other place,,,Names a place outside Grace's 15 East Texas towns.
can carpenter ants be red,40,25,Off-topic,Off-topic,,,Sheet verdict kept: not woodwork Grace does.
can carpenter bees sting multiple times,40,19,Off-topic,Off-topic,,,Sheet verdict kept: not woodwork Grace does.
can kitchen cabinets be restained,40,27,Question,Service,/custom-cabinets/cabinet-painting/,supporting,
can kitchen cabinets be spray painted,40,21,Question,DIY or product,,,"A product, tool or material for doing it yourself: product pages win these, not a shop."
cane chair back replacement,40,29,Service (no place),Question,/furniture-repair/how-chair-caning-is-repaired/,supporting,
cane furniture restoration near me,40,10,Other place,Service near me,/furniture-repair/chair-caning-and-repair/,supporting,
carpenter 20 alloy,40,18,Off-topic,Off-topic,,,Sheet verdict kept: not woodwork Grace does.
carpenter kerry,40,25,Off-topic,Off-topic,,,Sheet verdict kept: not woodwork Grace does.
carpenter khakis,40,24,Off-topic,Off-topic,,,Sheet verdict kept: not woodwork Grace does.
carpenter kilt,40,6,Off-topic,Off-topic,,,Sheet verdict kept: not woodwork Grace does.
carpenter needed near me,40,26,Other place,Service near me,/,supporting,
carpenter of nature,40,33,Off-topic,Off-topic,,,Sheet verdict kept: not woodwork Grace does.
carpenter overalls women,40,9,Off-topic,Off-topic,,,Sheet verdict kept: not woodwork Grace does.
carpenter qualifications,40,20,Off-topic,Off-topic,,,Sheet verdict kept: not woodwork Grace does.
carpenter quiz,40,14,Off-topic,Off-topic,,,Sheet verdict kept: not woodwork Grace does.
carpenter when i was young,40,43,Off-topic,Off-topic,,,Sheet verdict kept: not woodwork Grace does.
carpenter yankees,40,67,Off-topic,Off-topic,,,Sheet verdict kept: not woodwork Grace does.
carpenter zombies,40,30,Off-topic,Off-topic,,,Sheet verdict kept: not woodwork Grace does.
carpenter zuckerman & rowley llp,40,23,Off-topic,Off-topic,,,Sheet verdict kept: not woodwork Grace does.
carpentry 7th edition,40,21,Service (no place),Other business or brand,,,"Another company's name or a brand: searchers want that business, not Grace."
carved wood address signs,40,23,Service (no place),Service,/custom-signs/,supporting,
chair caning mooresville nc,40,23,Other place,Other place,,,Names a place outside Grace's 15 East Texas towns.
chair caning picasso,40,21,Service (no place),Other business or brand,,,"Another company's name or a brand: searchers want that business, not Grace."
chair cushion repair near me,40,27,Other place,Off-topic,,,"Upholstery, leather, mechanisms or covers: not a service Grace has confirmed."
chair repair cost,40,21,Service (no place),Service,/furniture-repair/chair-caning-and-repair/,supporting,
chair repair glue,40,19,DIY or product,DIY or product,,,"A product, tool or material for doing it yourself: product pages win these, not a shop."
couch wood frame repair,40,25,Service (no place),Service,/furniture-repair/,supporting,
custom cabinets bend oregon,40,26,Service (no place),Other place,,,Names a place outside Grace's 15 East Texas towns.
custom cabinets by lawrence,40,25,Service (no place),Other business or brand,,,"Another company's name or a brand: searchers want that business, not Grace."
custom cabinets dayton ohio,40,14,Other place,Other place,,,Names a place outside Grace's 15 East Texas towns.
custom cabinets des moines,40,27,Other place,Other place,,,Names a place outside Grace's 15 East Texas towns.
custom cabinets fargo nd,40,25,Other place,Other place,,,Names a place outside Grace's 15 East Texas towns.
custom cabinets greensboro nc,40,18,Other place,Other place,,,Names a place outside Grace's 15 East Texas towns.
custom cabinets honolulu,40,24,Other place,Other place,,,Names a place outside Grace's 15 East Texas towns.
custom cabinets inc,40,23,Service (no place),Other business or brand,,,"Another company's name or a brand: searchers want that business, not Grace."
custom cabinets katy,40,9,Other place,Other place,,,Names a place outside Grace's 15 East Texas towns.
custom cabinets mesa az,40,35,Other place,Other place,,,Names a place outside Grace's 15 East Texas towns.
custom cabinets pensacola,40,26,DIY or product,Off-topic,,,"Jobs, classes, videos, stairlifts or other searches that are not a customer hiring a woodwork shop."
custom cabinets redding ca,40,26,Other place,Other place,,,Names a place outside Grace's 15 East Texas towns.
custom cabinets rhode island,40,16,Service (no place),Other place,,,Names a place outside Grace's 15 East Texas towns.
custom cabinets texas,40,31,Service (no place),Service,/custom-cabinets/,supporting,
custom cabinets topeka ks,40,22,Other place,Other place,,,Names a place outside Grace's 15 East Texas towns.
custom cabinets tulsa ok,40,18,Other place,Other place,,,Names a place outside Grace's 15 East Texas towns.
custom cabinets vancouver wa,40,25,Other place,Other place,,,Names a place outside Grace's 15 East Texas towns.
custom cabinets vero beach,40,21,Service (no place),Other place,,,Names a place outside Grace's 15 East Texas towns.
custom cabinets washington,40,40,Service (no place),Other place,,,Names a place outside Grace's 15 East Texas towns.
custom dining table houston,40,27,Other place,Other place,,,Names a place outside Grace's 15 East Texas towns.
custom dining table los angeles,40,19,Other place,Other place,,,Names a place outside Grace's 15 East Texas towns.
custom farmhouse dining table,40,29,Service (no place),Service,/custom-furniture/custom-dining-tables/,supporting,
custom furniture boston,40,25,Other place,Other place,,,Names a place outside Grace's 15 East Texas towns.
custom furniture cost,40,25,Service (no place),Service,/custom-furniture/,supporting,
custom furniture fabrication,40,35,Service (no place),Service,/custom-furniture/,supporting,
custom furniture for sale,40,12,DIY or product,Off-topic,,,"Jobs, classes, videos, stairlifts or other searches that are not a customer hiring a woodwork shop."
custom furniture fort worth,40,13,Other place,Other place,,,Names a place outside Grace's 15 East Texas towns.
custom furniture greenville sc,40,27,Other place,Other place,,,Names a place outside Grace's 15 East Texas towns.
custom furniture knoxville tn,40,17,Other place,Other place,,,Names a place outside Grace's 15 East Texas towns.
custom furniture legs,40,26,Service (no place),Service,/custom-furniture/,supporting,
custom furniture louisville ky,40,19,Other place,Other place,,,Names a place outside Grace's 15 East Texas towns.
custom furniture orlando,40,23,Other place,Other place,,,Names a place outside Grace's 15 East Texas towns.
custom furniture philadelphia,40,20,Other place,Other place,,,Names a place outside Grace's 15 East Texas towns.
custom furniture refinishing,40,19,Service (no place),Service,/furniture-repair/furniture-refinishing/,supporting,
custom furniture richmond va,40,25,Other place,Other place,,,Names a place outside Grace's 15 East Texas towns.
custom furniture tucson,40,25,Other place,Other place,,,Names a place outside Grace's 15 East Texas towns.
custom upper cabinets,40,33,Service (no place),Service,/custom-cabinets/,supporting,
custom wood beach house signs,40,17,Service (no place),Service,/custom-signs/,supporting,
custom wood burned signs near me,40,18,Other place,Service near me,/custom-signs/,supporting,
custom wood dining table near me,40,36,Other place,Service near me,/custom-furniture/custom-dining-tables/,supporting,
custom wood end table,40,31,Service (no place),Service,/custom-furniture/,supporting,
custom wood letter signs,40,35,Service (no place),Service,/custom-signs/,supporting,
custom wood metal signs,40,36,Service (no place),Service,/custom-signs/,supporting,
custom wood products near me,40,47,Other place,DIY or product,,,"A product, tool or material for doing it yourself: product pages win these, not a shop."
custom wood signs wholesale,40,26,Service (no place),DIY or product,,,"Online or mass-produced custom products, or materials Grace does not work in (glass, metal, granite, laser-cut, lighted signs)."
custom wood wall signs,40,30,Service (no place),Service,/custom-signs/,supporting,
deck joist repair cost,40,24,Service (no place),Service,/deck-repair/,supporting,
deck repair and replacement,40,34,Service (no place),Service,/deck-repair/,supporting,
deck repair columbia md,40,18,Other place,Other place,,,Names a place outside Grace's 15 East Texas towns.
deck repair cost per square foot,40,22,Service (no place),Service,/deck-repair/,supporting,
deck repair durham nc,40,17,Other place,Other place,,,Names a place outside Grace's 15 East Texas towns.
deck repair gaithersburg md,40,25,Other place,Other place,,,Names a place outside Grace's 15 East Texas towns.
deck repair greenville sc,40,24,Other place,Other place,,,Names a place outside Grace's 15 East Texas towns.
deck repair minneapolis,40,19,Other place,Other place,,,Names a place outside Grace's 15 East Texas towns.
deck repair near me within 20 mi,40,23,Other place,Service near me,/deck-repair/,supporting,
deck repair near me within 5 mi,40,20,Other place,Service near me,/deck-repair/,supporting,
deck repair orange county,40,26,Other place,Other place,,,Names a place outside Grace's 15 East Texas towns.
deck repair overland park,40,26,Other place,Other place,,,Names a place outside Grace's 15 East Texas towns.
deck repair philadelphia,40,24,Other place,Other place,,,Names a place outside Grace's 15 East Texas towns.
deck repair replacement near me,40,38,Other place,Service near me,/deck-repair/,supporting,
deck repair roanoke va,40,12,Other place,Other place,,,Names a place outside Grace's 15 East Texas towns.
deck repair woodbridge va,40,21,Other place,Other place,,,Names a place outside Grace's 15 East Texas towns.
does painting cabinets last,40,19,Question,Service,/custom-cabinets/cabinet-painting/,supporting,
fs antique furniture restoration,40,26,Service (no place),Other business or brand,,,"Another company's name or a brand: searchers want that business, not Grace."
furniture refinishing az,40,22,Other place,Other place,,,Names a place outside Grace's 15 East Texas towns.
furniture refinishing boise,40,25,Other place,Other place,,,Names a place outside Grace's 15 East Texas towns.
furniture refinishing buffalo ny,40,23,Other place,Other place,,,Names a place outside Grace's 15 East Texas towns.
furniture refinishing business,40,35,Service (no place),DIY or product,,,"Hobby woodworking shops, tools or the business of woodworking: not a customer looking for a shop to hire."
furniture refinishing cincinnati,40,25,Other place,Other place,,,Names a place outside Grace's 15 East Texas towns.
furniture refinishing colorado springs,40,25,Other place,Other place,,,Names a place outside Grace's 15 East Texas towns.
furniture refinishing fort collins,40,15,Service (no place),Other place,,,Names a place outside Grace's 15 East Texas towns.
furniture refinishing indianapolis,40,17,Other place,Other place,,,Names a place outside Grace's 15 East Texas towns.
furniture refinishing jobs,40,24,Off-topic,Off-topic,,,"Jobs, classes, videos, stairlifts or other searches that are not a customer hiring a woodwork shop."
furniture refinishing kansas city,40,21,Other place,Other place,,,Names a place outside Grace's 15 East Texas towns.
furniture refinishing knoxville tn,40,21,Other place,Other place,,,Names a place outside Grace's 15 East Texas towns.
furniture refinishing long island,40,26,Other place,Other place,,,Names a place outside Grace's 15 East Texas towns.
furniture refinishing louisville ky,40,24,Other place,Other place,,,Names a place outside Grace's 15 East Texas towns.
furniture refinishing minneapolis,40,23,Other place,Other place,,,Names a place outside Grace's 15 East Texas towns.
furniture refinishing okc,40,27,Other place,Other place,,,Names a place outside Grace's 15 East Texas towns.
furniture refinishing orange county,40,11,Other place,Other place,,,Names a place outside Grace's 15 East Texas towns.
furniture refinishing pittsburgh,40,18,Other place,Other place,,,Names a place outside Grace's 15 East Texas towns.
furniture refinishing rochester ny,40,18,Other place,Other place,,,Names a place outside Grace's 15 East Texas towns.
furniture refinishing tallahassee,40,20,Service (no place),Other place,,,Names a place outside Grace's 15 East Texas towns.
furniture refinishing techniques,40,48,Service (no place),DIY or product,,,"Do-it-yourself how-to: the plan does not publish step-by-step DIY repair, power-tool or structural instructions; pages answer the question and say when to call."
furniture refinishing tucson,40,24,Other place,Other place,,,Names a place outside Grace's 15 East Texas towns.
furniture refinishing wax,40,34,DIY or product,DIY or product,,,"A product, tool or material for doing it yourself: product pages win these, not a shop."
furniture refinishing wilmington nc,40,25,Other place,Other place,,,Names a place outside Grace's 15 East Texas towns.
furniture repair fairfax,40,19,Service (no place),Other place,,,Names a place outside Grace's 15 East Texas towns.
furniture repair fort collins,40,21,Service (no place),Other place,,,Names a place outside Grace's 15 East Texas towns.
furniture repair fort lauderdale,40,17,Other place,Other place,,,Names a place outside Grace's 15 East Texas towns.
furniture repair frederick md,40,24,Other place,Other place,,,Names a place outside Grace's 15 East Texas towns.
furniture repair fredericksburg va,40,26,Other place,Other place,,,Names a place outside Grace's 15 East Texas towns.
furniture repair kalamazoo,40,24,Service (no place),Other place,,,Names a place outside Grace's 15 East Texas towns.
furniture repair kalispell,40,13,Service (no place),Other place,,,Names a place outside Grace's 15 East Texas towns.
furniture repair katy,40,26,Other place,Other place,,,Names a place outside Grace's 15 East Texas towns.
furniture repair lakeland fl,40,23,Other place,Other place,,,Names a place outside Grace's 15 East Texas towns.
furniture repair lancaster pa,40,21,Other place,Other place,,,Names a place outside Grace's 15 East Texas towns.
furniture repair lynchburg va,40,22,Other place,Other place,,,Names a place outside Grace's 15 East Texas towns.
furniture repair mobile al,40,26,Other place,Other place,,,Names a place outside Grace's 15 East Texas towns.
furniture repair myrtle beach,40,25,Service (no place),Other place,,,Names a place outside Grace's 15 East Texas towns.
furniture repair places,40,29,Service (no place),Service,/furniture-repair/,supporting,
furniture repair products,40,20,DIY or product,DIY or product,,,"A product, tool or material for doing it yourself: product pages win these, not a shop."
furniture repair salem oregon,40,22,Service (no place),Other place,,,Names a place outside Grace's 15 East Texas towns.
furniture repair toledo ohio,40,24,Other place,Other place,,,Names a place outside Grace's 15 East Texas towns.
furniture repair training,40,17,Service (no place),DIY or product,,,"Hobby woodworking shops, tools or the business of woodworking: not a customer looking for a shop to hire."
furniture repair tyler tx,40,24,East Texas,East Texas,/furniture-repair/tyler-tx.html,supporting,
furniture repair vancouver wa,40,26,Other place,Other place,,,Names a place outside Grace's 15 East Texas towns.
furniture repair west palm beach,40,24,Other place,Other place,,,Names a place outside Grace's 15 East Texas towns.
furniture repair williamsburg va,40,25,Other place,Other place,,,Names a place outside Grace's 15 East Texas towns.
furniture repair winston salem,40,23,Other place,Other place,,,Names a place outside Grace's 15 East Texas towns.
furniture repair yelp,40,27,Service (no place),Other business or brand,,,"Another company's name or a brand: searchers want that business, not Grace."
furniture restoration baltimore,40,20,Other place,Other place,,,Names a place outside Grace's 15 East Texas towns.
furniture restoration books,40,20,Service (no place),DIY or product,,,"Hobby woodworking shops, tools or the business of woodworking: not a customer looking for a shop to hire."
furniture restoration colorado springs,40,19,Other place,Other place,,,Names a place outside Grace's 15 East Texas towns.
furniture restoration fort worth,40,20,Other place,Other place,,,Names a place outside Grace's 15 East Texas towns.
furniture restoration ideas,40,30,DIY or product,DIY or product,,,"Do-it-yourself how-to: the plan does not publish step-by-step DIY repair, power-tool or structural instructions; pages answer the question and say when to call."
furniture restoration louisville ky,40,24,Other place,Other place,,,Names a place outside Grace's 15 East Texas towns.
furniture restoration memphis,40,17,Other place,Other place,,,Names a place outside Grace's 15 East Texas towns.
furniture restoration okc,40,17,Other place,Other place,,,Names a place outside Grace's 15 East Texas towns.
furniture restoration orlando,40,27,Other place,Other place,,,Names a place outside Grace's 15 East Texas towns.
furniture restoration pittsburgh,40,27,Other place,Other place,,,Names a place outside Grace's 15 East Texas towns.
furniture restoration richmond va,40,26,Other place,Other place,,,Names a place outside Grace's 15 East Texas towns.
furniture restoration shop,40,20,Service (no place),Service,/furniture-repair/,supporting,
furniture restoration wax,40,30,DIY or product,DIY or product,,,"A product, tool or material for doing it yourself: product pages win these, not a shop."
furniture restoration wilmington nc,40,15,Other place,Other place,,,Names a place outside Grace's 15 East Texas towns.
furniture tyler texas,40,21,East Texas,Off-topic,,,Off-topic or noise: not a search for woodwork Grace does.
home furnishings tyler tx,40,31,East Texas,Off-topic,,,Off-topic or noise: not a search for woodwork Grace does.
houston custom furniture maker,40,19,Other place,Other place,,,Names a place outside Grace's 15 East Texas towns.
how do carpenter bees eat wood,40,39,Off-topic,Off-topic,,,Sheet verdict kept: not woodwork Grace does.
how much does furniture refinishing cost,40,22,Question,Question,/furniture-repair/furniture-refinishing-cost/,supporting,
how much does furniture repair cost,40,27,Question,Question,/furniture-repair/furniture-refinishing-cost/,supporting,
how sabrina carpenter,40,30,Off-topic,Off-topic,,,Sheet verdict kept: not woodwork Grace does.
how to install built in shelves,40,30,Other place,DIY or product,,,"Do-it-yourself how-to: the plan does not publish step-by-step DIY repair, power-tool or structural instructions; pages answer the question and say when to call."
how to make a wooden sign with words,40,33,Question,DIY or product,,,"Do-it-yourself how-to: the plan does not publish step-by-step DIY repair, power-tool or structural instructions; pages answer the question and say when to call."
how to repair furniture,40,34,Question,DIY or product,,,"Do-it-yourself how-to: the plan does not publish step-by-step DIY repair, power-tool or structural instructions; pages answer the question and say when to call."
how to repair porch,40,34,Question,DIY or product,,,"Do-it-yourself how-to: the plan does not publish step-by-step DIY repair, power-tool or structural instructions; pages answer the question and say when to call."
is painting cabinets a good idea,40,26,Question,Service,/custom-cabinets/cabinet-painting/,supporting,
kitchen cabinets 12 foot ceiling,40,30,DIY or product,DIY or product,,,"Shopping for stock kitchen cabinets, hardware or design ideas: retailers and showrooms own these; Grace builds and refinishes, it does not sell stock lines."
kitchen cabinets 1920s style,40,27,DIY or product,DIY or product,,,Sheet verdict kept: a product or do-it-yourself search.
kitchen cabinets 20 inches deep,40,25,DIY or product,DIY or product,,,"Shopping for stock kitchen cabinets, hardware or design ideas: retailers and showrooms own these; Grace builds and refinishes, it does not sell stock lines."
kitchen cabinets 2025 ideas,40,39,DIY or product,DIY or product,,,"Do-it-yourself how-to: the plan does not publish step-by-step DIY repair, power-tool or structural instructions; pages answer the question and say when to call."
kitchen cabinets 21 inches deep,40,16,DIY or product,DIY or product,,,"Shopping for stock kitchen cabinets, hardware or design ideas: retailers and showrooms own these; Grace builds and refinishes, it does not sell stock lines."
kitchen cabinets 3d,40,33,DIY or product,DIY or product,,,Sheet verdict kept: a product or do-it-yourself search.
kitchen cabinets 3d models,40,22,DIY or product,DIY or product,,,Sheet verdict kept: a product or do-it-yourself search.
kitchen cabinets for crockery,40,30,DIY or product,DIY or product,,,Sheet verdict kept: a product or do-it-yourself search.
kitchen cabinets kenya,40,20,DIY or product,DIY or product,,,Sheet verdict kept: a product or do-it-yourself search.
kitchen cabinets knobs vs pulls,40,25,Question,DIY or product,,,"Shopping for stock kitchen cabinets, hardware or design ideas: retailers and showrooms own these; Grace builds and refinishes, it does not sell stock lines."
kitchen cabinets not wood,40,19,DIY or product,DIY or product,,,Sheet verdict kept: a product or do-it-yourself search.
kitchen cabinets trends 2026,40,24,DIY or product,DIY or product,,,"Shopping for stock kitchen cabinets, hardware or design ideas: retailers and showrooms own these; Grace builds and refinishes, it does not sell stock lines."
kitchen cabinets uk,40,52,Other place,Other place,,,Names a place outside Grace's 15 East Texas towns.
kitchen cabinets xmas decor,40,30,DIY or product,DIY or product,,,"Do-it-yourself how-to: the plan does not publish step-by-step DIY repair, power-tool or structural instructions; pages answer the question and say when to call."
kitchen cabinets you put together yourself,40,44,DIY or product,DIY or product,,,Sheet verdict kept: a product or do-it-yourself search.
personalized wood signs near me,40,32,Other place,Service near me,/custom-signs/,supporting,
porch railing repair near me,40,24,Other place,Service near me,/porch-repair/,supporting,
porch repair detroit,40,11,Other place,Other place,,,Names a place outside Grace's 15 East Texas towns.
porch restoration near me,40,27,Other place,Service near me,/porch-repair/,supporting,
quality cabinet refacing,40,31,Service (no place),Other business or brand,,,"Another company's name or a brand: searchers want that business, not Grace."
signs tyler tx,40,32,East Texas,East Texas,/custom-signs/tyler-tx.html,supporting,
table painting designs,40,32,Service (no place),Off-topic,,,Off-topic or noise: not a search for woodwork Grace does.
table repair kit,40,22,DIY or product,DIY or product,,,"A product, tool or material for doing it yourself: product pages win these, not a shop."
table runner restoration hardware,40,5,DIY or product,Other business or brand,,,"Another company's name or a brand: searchers want that business, not Grace."
table top refinishing near me,40,20,Other place,Service near me,/furniture-repair/table-refinishing/,supporting,
texas cabinet manufacturers,40,37,Service (no place),Service,/custom-cabinets/,supporting,
thomas johnson antique furniture restoration youtube,40,32,Off-topic,Other business or brand,,,"Another company's name or a brand: searchers want that business, not Grace."
us cabinet refacing inc,40,25,Service (no place),Other business or brand,,,"Another company's name or a brand: searchers want that business, not Grace."
what are custom cabinets,40,17,Question,Service,/custom-cabinets/,supporting,
what car mods are illegal in texas,40,17,Off-topic,Off-topic,,,Sheet verdict kept: not woodwork Grace does.
what does cabinet refacing cost,40,18,Question,Question,/custom-cabinets/what-is-cabinet-refacing/,supporting,
what is wood shop,40,29,Question,DIY or product,,,"Hobby woodworking shops, tools or the business of woodworking: not a customer looking for a shop to hire."
when do carpenter ants swarm,40,18,Off-topic,Off-topic,,,Sheet verdict kept: not woodwork Grace does.
when do carpenter bees hatch,40,14,Off-topic,Off-topic,,,Sheet verdict kept: not woodwork Grace does.
when sabrina carpenter's birthday,40,33,Off-topic,Off-topic,,,Sheet verdict kept: not woodwork Grace does.
where is carpenter raven kcd2,40,5,Off-topic,Off-topic,,,Sheet verdict kept: not woodwork Grace does.
who does cabinet refacing near me,40,35,Other place,Service near me,/custom-cabinets/cabinet-refacing/,supporting,
who install kitchen cabinets,40,35,Question,DIY or product,,,"Shopping for stock kitchen cabinets, hardware or design ideas: retailers and showrooms own these; Grace builds and refinishes, it does not sell stock lines."
who's sabrina carpenter's boyfriend,40,28,Off-topic,Off-topic,,,Sheet verdict kept: not woodwork Grace does.
who's sam carpenter's mom,40,35,Off-topic,Off-topic,,,Sheet verdict kept: not woodwork Grace does.
wolfe's antique furniture restoration & refinishing,40,18,Service (no place),Other business or brand,,,"Another company's name or a brand: searchers want that business, not Grace."
wood furniture finish restorer,40,36,DIY or product,DIY or product,,,Sheet verdict kept: a product or do-it-yourself search.
wood furniture refinishing kit,40,25,DIY or product,DIY or product,,,"A product, tool or material for doing it yourself: product pages win these, not a shop."
wood furniture repair products,40,23,DIY or product,DIY or product,,,"A product, tool or material for doing it yourself: product pages win these, not a shop."
wood shop air purifier,40,22,Service (no place),DIY or product,,,"Hobby woodworking shops, tools or the business of woodworking: not a customer looking for a shop to hire."
wood shop gifts,40,26,Service (no place),DIY or product,,,"Hobby woodworking shops, tools or the business of woodworking: not a customer looking for a shop to hire."
wood shop jacksonville fl,40,25,Other place,Other place,,,Names a place outside Grace's 15 East Texas towns.
wood shop work,40,34,Service (no place),DIY or product,,,"Hobby woodworking shops, tools or the business of woodworking: not a customer looking for a shop to hire."
wood working shop for rent,40,7,Service (no place),DIY or product,,,"Hobby woodworking shops, tools or the business of woodworking: not a customer looking for a shop to hire."
woodworking shop auction,40,18,Service (no place),DIY or product,,,"Hobby woodworking shops, tools or the business of woodworking: not a customer looking for a shop to hire."
woodworking shop building plans,40,33,DIY or product,DIY or product,,,"Hobby woodworking shops, tools or the business of woodworking: not a customer looking for a shop to hire."
woodworking shop cabinet plans,40,29,DIY or product,DIY or product,,,"Do-it-yourself how-to: the plan does not publish step-by-step DIY repair, power-tool or structural instructions; pages answer the question and say when to call."
woodworking shop garage,40,30,Service (no place),DIY or product,,,"Hobby woodworking shops, tools or the business of woodworking: not a customer looking for a shop to hire."
woodworking shop houston,40,21,Other place,Other place,,,Names a place outside Grace's 15 East Texas towns.
woodworking shop layout tool,40,30,DIY or product,DIY or product,,,"Hobby woodworking shops, tools or the business of woodworking: not a customer looking for a shop to hire."
woodworking shop membership near me,40,24,Other place,DIY or product,,,"Hobby woodworking shops, tools or the business of woodworking: not a customer looking for a shop to hire."
woodworking shop milwaukee,40,30,Other place,Other place,,,Names a place outside Grace's 15 East Texas towns.
woodworking shop must haves,40,23,Service (no place),DIY or product,,,"Hobby woodworking shops, tools or the business of woodworking: not a customer looking for a shop to hire."
woodworking shop names,40,24,Service (no place),DIY or product,,,"Hobby woodworking shops, tools or the business of woodworking: not a customer looking for a shop to hire."
woodworking shop planner,40,19,Service (no place),DIY or product,,,"Hobby woodworking shops, tools or the business of woodworking: not a customer looking for a shop to hire."
woodworking shop st louis,40,27,Other place,Other place,,,Names a place outside Grace's 15 East Texas towns.
568 carpenter jeans,30,42,Off-topic,Off-topic,,,Sheet verdict kept: not woodwork Grace does.
6706 carpenter rd frederick md,30,21,Off-topic,Off-topic,,,Sheet verdict kept: not woodwork Grace does.
8 carpenter ave staten island,30,24,Off-topic,Off-topic,,,Sheet verdict kept: not woodwork Grace does.
antique chair restoration near me,30,12,Other place,Service near me,/furniture-repair/antique-furniture-restoration/,supporting,
antique furniture refinishing techniques,30,24,Service (no place),DIY or product,,,"Do-it-yourself how-to: the plan does not publish step-by-step DIY repair, power-tool or structural instructions; pages answer the question and say when to call."
antique furniture repair denver,30,25,Other place,Other place,,,Names a place outside Grace's 15 East Texas towns.
antique furniture restoration course,30,19,Off-topic,Off-topic,,,"Jobs, classes, videos, stairlifts or other searches that are not a customer hiring a woodwork shop."
antique furniture restoration nyc,30,19,Other place,Other place,,,Names a place outside Grace's 15 East Texas towns.
are chair,30,61,Question,Off-topic,,,Off-topic or noise: not a search for woodwork Grace does.
are kitchen cabinets expensive,30,28,Question,DIY or product,,,"Shopping for stock kitchen cabinets, hardware or design ideas: retailers and showrooms own these; Grace builds and refinishes, it does not sell stock lines."
are kitchen cabinets installed on top of flooring,30,27,Question,Off-topic,,,Floor refinishing: not a service Grace has confirmed.
built in bookcase vaulted ceiling,30,27,Other place,Service,/custom-cabinets/built-in-shelves/,supporting,
built in plant shelves,30,31,Off-topic,Off-topic,,,Sheet verdict kept: not woodwork Grace does.
built in shelves around doorway,30,25,Other place,Service,/custom-cabinets/built-in-shelves/,supporting,
built in shelves basement,30,23,Other place,Service,/custom-cabinets/built-in-shelves/,supporting,
built in shelves entertainment center,30,39,Other place,Service,/custom-cabinets/built-in-shelves/,supporting,
built in shelves home depot,30,27,Off-topic,Other business or brand,,,"Another company's name or a brand: searchers want that business, not Grace."
built in shelves living room fireplace,30,42,Other place,Service,/custom-cabinets/built-in-shelves/,supporting,
built in shelves over toilet,30,32,Other place,Service,/custom-cabinets/built-in-shelves/,supporting,
built in shelves pantry,30,30,Other place,Service,/custom-cabinets/built-in-shelves/,supporting,
built in shelves vaulted ceiling,30,27,Other place,Service,/custom-cabinets/built-in-shelves/,supporting,
built in shelves with window seat,30,31,Other place,Service,/custom-cabinets/built-in-shelves/,supporting,
cabinet paint for furniture,30,34,Service (no place),DIY or product,,,"A product, tool or material for doing it yourself: product pages win these, not a shop."
cabinet paint gallon,30,27,Service (no place),DIY or product,,,"A product, tool or material for doing it yourself: product pages win these, not a shop."
cabinet paint hardener,30,20,Service (no place),DIY or product,,,"A product, tool or material for doing it yourself: product pages win these, not a shop."
cabinet paint touch up pen,30,22,DIY or product,DIY or product,,,"A product, tool or material for doing it yourself: product pages win these, not a shop."
cabinet painting design,30,28,Service (no place),Service,/custom-cabinets/cabinet-painting/,supporting,
cabinet painting estimate,30,20,Service (no place),Question,/custom-cabinets/cabinet-painting-cost/,supporting,
cabinet painting los angeles,30,16,Other place,Other place,,,Names a place outside Grace's 15 East Texas towns.
cabinet painting process,30,28,Service (no place),Service,/custom-cabinets/cabinet-painting/,supporting,
cabinet painting pros,30,17,Service (no place),Service,/custom-cabinets/cabinet-painting/,supporting,
cabinet painting quote,30,17,Service (no place),Question,/custom-cabinets/cabinet-painting-cost/,supporting,
cabinet painting richmond,30,25,Other place,Other place,,,Names a place outside Grace's 15 East Texas towns.
cabinet painting san antonio,30,17,Other place,Other place,,,Names a place outside Grace's 15 East Texas towns.
cabinet painting steps,30,35,Service (no place),Service,/custom-cabinets/cabinet-painting/,supporting,
cabinet painting techniques,30,35,Service (no place),DIY or product,,,"Do-it-yourself how-to: the plan does not publish step-by-step DIY repair, power-tool or structural instructions; pages answer the question and say when to call."
cabinet refacing paint,30,46,Service (no place),Service,/custom-cabinets/cabinet-refacing/,supporting,
cabinets tyler texas,30,15,East Texas,East Texas,/custom-cabinets/tyler-tx.html,supporting,
can carpenter ants swim,30,28,Off-topic,Off-topic,,,Sheet verdict kept: not woodwork Grace does.
cane chair cushion covers,30,15,Service (no place),Off-topic,,,"Upholstery, leather, mechanisms or covers: not a service Grace has confirmed."
cane chair disneyland,30,19,Service (no place),Other business or brand,,,"Another company's name or a brand: searchers want that business, not Grace."
cane chair repair nyc,30,14,Other place,Other place,,,Names a place outside Grace's 15 East Texas towns.
cane chair repair shop near me,30,21,Other place,Service near me,/furniture-repair/chair-caning-and-repair/,supporting,
caning chairs for beginners,30,42,Service (no place),DIY or product,,,"Do-it-yourself how-to: the plan does not publish step-by-step DIY repair, power-tool or structural instructions; pages answer the question and say when to call."
carpenter 49,30,23,Off-topic,Off-topic,,,Sheet verdict kept: not woodwork Grace does.
carpenter enterprises,30,26,Off-topic,Off-topic,,,Sheet verdict kept: not woodwork Grace does.
carpenter location hypixel skyblock,30,30,Off-topic,Off-topic,,,Sheet verdict kept: not woodwork Grace does.
carpenter of buffy the vampire slayer,30,5,Off-topic,Off-topic,,,Sheet verdict kept: not woodwork Grace does.
carved wood house signs,30,31,Service (no place),Service,/custom-signs/,supporting,
chair 33,30,34,Service (no place),Other business or brand,,,"Another company's name or a brand: searchers want that business, not Grace."
chair 811,30,16,Service (no place),Other business or brand,,,"Another company's name or a brand: searchers want that business, not Grace."
chair caning nyc,30,20,Other place,Other place,,,Names a place outside Grace's 15 East Texas towns.
chair leg repair near me,30,32,Other place,Service near me,/furniture-repair/chair-caning-and-repair/,supporting,
chair lift repair services,30,24,Off-topic,Off-topic,,,"Jobs, classes, videos, stairlifts or other searches that are not a customer hiring a woodwork shop."
chair repair services near me,30,22,Other place,Service near me,/furniture-repair/chair-caning-and-repair/,supporting,
chair repair straps,30,33,Service (no place),Off-topic,,,"Upholstery, leather, mechanisms or covers: not a service Grace has confirmed."
chair repair tools,30,25,DIY or product,DIY or product,,,"A product, tool or material for doing it yourself: product pages win these, not a shop."
custom 9,30,20,Service (no place),Other business or brand,,,"Another company's name or a brand: searchers want that business, not Grace."
custom cabinets boca raton,30,17,Other place,Other place,,,Names a place outside Grace's 15 East Texas towns.
custom cabinets columbia mo,30,18,Other place,Other place,,,Names a place outside Grace's 15 East Texas towns.
custom cabinets elk grove,30,11,Service (no place),Other place,,,Names a place outside Grace's 15 East Texas towns.
custom cabinets eugene oregon,30,25,Service (no place),Other place,,,Names a place outside Grace's 15 East Texas towns.
custom cabinets gainesville fl,30,14,Other place,Other place,,,Names a place outside Grace's 15 East Texas towns.
custom cabinets hawaii,30,28,Service (no place),Other place,,,Names a place outside Grace's 15 East Texas towns.
custom cabinets in my area,30,63,Other place,Service,/custom-cabinets/,supporting,
custom cabinets lafayette la,30,23,Other place,Other place,,,Names a place outside Grace's 15 East Texas towns.
custom cabinets little rock,30,20,Other place,Other place,,,Names a place outside Grace's 15 East Texas towns.
custom cabinets maine,30,34,Service (no place),Other place,,,Names a place outside Grace's 15 East Texas towns.
custom cabinets michigan,30,16,Service (no place),Other place,,,Names a place outside Grace's 15 East Texas towns.
custom cabinets minnesota,30,46,Service (no place),Other place,,,Names a place outside Grace's 15 East Texas towns.
custom cabinets mobile al,30,17,Other place,Other place,,,Names a place outside Grace's 15 East Texas towns.
custom cabinets modesto ca,30,12,Other place,Other place,,,Names a place outside Grace's 15 East Texas towns.
custom cabinets new hampshire,30,35,Service (no place),Other place,,,Names a place outside Grace's 15 East Texas towns.
custom cabinets north carolina,30,25,Service (no place),Other place,,,Names a place outside Grace's 15 East Texas towns.
custom cabinets ohio,30,33,Service (no place),Other place,,,Names a place outside Grace's 15 East Texas towns.
custom cabinets overland park,30,29,Other place,Other place,,,Names a place outside Grace's 15 East Texas towns.
custom cabinets palm desert,30,23,Service (no place),Other place,,,Names a place outside Grace's 15 East Texas towns.
custom cabinets portland oregon,30,29,Other place,Other place,,,Names a place outside Grace's 15 East Texas towns.
custom cabinets price per foot,30,14,Service (no place),Service,/custom-cabinets/,supporting,
custom cabinets puyallup,30,11,Service (no place),Other place,,,Names a place outside Grace's 15 East Texas towns.
custom cabinets queens,30,15,Other place,Other place,,,Names a place outside Grace's 15 East Texas towns.
custom cabinets roanoke va,30,24,Other place,Other place,,,Names a place outside Grace's 15 East Texas towns.
custom cabinets traverse city,30,28,Service (no place),Other place,,,Names a place outside Grace's 15 East Texas towns.
custom cabinets tyler tx,30,12,East Texas,East Texas,/custom-cabinets/tyler-tx.html,supporting,
custom cabinets winston salem,30,31,Other place,Other place,,,Names a place outside Grace's 15 East Texas towns.
custom dining room table pads near me,30,22,Other place,DIY or product,,,"Online or mass-produced custom products, or materials Grace does not work in (glass, metal, granite, laser-cut, lighted signs)."
custom dining table dallas,30,13,Other place,Other place,,,Names a place outside Grace's 15 East Texas towns.
custom dining table san diego,30,17,Other place,Other place,,,Names a place outside Grace's 15 East Texas towns.
custom dining table set,30,41,Service (no place),Service,/custom-furniture/custom-dining-tables/,supporting,
custom dining tables atlanta,30,10,Other place,Other place,,,Names a place outside Grace's 15 East Texas towns.
custom fitted furniture,30,28,Service (no place),DIY or product,,,"Online or mass-produced custom products, or materials Grace does not work in (glass, metal, granite, laser-cut, lighted signs)."
custom furniture albuquerque,30,23,Other place,Other place,,,Names a place outside Grace's 15 East Texas towns.
custom furniture building,30,48,Service (no place),Service,/custom-furniture/,supporting,
custom furniture connecticut,30,37,Service (no place),Other place,,,Names a place outside Grace's 15 East Texas towns.
custom furniture dc,30,13,Other place,Other place,,,Names a place outside Grace's 15 East Texas towns.
custom furniture design online,30,30,Service (no place),DIY or product,,,"Online or mass-produced custom products, or materials Grace does not work in (glass, metal, granite, laser-cut, lighted signs)."
custom furniture factory,30,51,Service (no place),DIY or product,,,"Online or mass-produced custom products, or materials Grace does not work in (glass, metal, granite, laser-cut, lighted signs)."
custom furniture grand rapids,30,35,Other place,Other place,,,Names a place outside Grace's 15 East Texas towns.
custom furniture indianapolis,30,18,Other place,Other place,,,Names a place outside Grace's 15 East Texas towns.
custom furniture jobs,30,35,Off-topic,Off-topic,,,"Jobs, classes, videos, stairlifts or other searches that are not a customer hiring a woodwork shop."
custom furniture lancaster pa,30,39,Other place,Other place,,,Names a place outside Grace's 15 East Texas towns.
custom furniture leland nc,30,23,Other place,Other place,,,Names a place outside Grace's 15 East Texas towns.
custom furniture logo,30,30,Service (no place),DIY or product,,,"Hobby woodworking shops, tools or the business of woodworking: not a customer looking for a shop to hire."
custom furniture madison wi,30,11,Other place,Other place,,,Names a place outside Grace's 15 East Texas towns.
custom furniture makers nyc,30,23,Other place,Other place,,,Names a place outside Grace's 15 East Texas towns.
custom furniture new orleans,30,24,Other place,Other place,,,Names a place outside Grace's 15 East Texas towns.
custom furniture oakland,30,27,Other place,Other place,,,Names a place outside Grace's 15 East Texas towns.
custom furniture omaha,30,30,Other place,Other place,,,Names a place outside Grace's 15 East Texas towns.
custom furniture outlet,30,23,Service (no place),DIY or product,,,"Online or mass-produced custom products, or materials Grace does not work in (glass, metal, granite, laser-cut, lighted signs)."
custom furniture painting near me,30,15,Other place,Service near me,/furniture-repair/furniture-refinishing/,supporting,
custom furniture repair,30,17,Service (no place),Service,/furniture-repair/,supporting,
custom furniture repair near me,30,30,Other place,Service near me,/furniture-repair/,supporting,
custom furniture restoration,30,27,Service (no place),Service,/furniture-repair/,supporting,
custom furniture rochester ny,30,21,Other place,Other place,,,Names a place outside Grace's 15 East Texas towns.
custom furniture salt lake city,30,18,Other place,Other place,,,Names a place outside Grace's 15 East Texas towns.
custom furniture tags,30,25,Service (no place),DIY or product,,,"Hobby woodworking shops, tools or the business of woodworking: not a customer looking for a shop to hire."
custom furniture tampa,30,16,Other place,Other place,,,Names a place outside Grace's 15 East Texas towns.
custom furniture tulsa,30,17,Other place,Other place,,,Names a place outside Grace's 15 East Texas towns.
custom granite dining table,30,22,Service (no place),DIY or product,,,"Online or mass-produced custom products, or materials Grace does not work in (glass, metal, granite, laser-cut, lighted signs)."
custom laser cut wood signs,30,15,Service (no place),Service,/custom-signs/,supporting,
custom light signs near me,30,44,Other place,DIY or product,,,"Online or mass-produced custom products, or materials Grace does not work in (glass, metal, granite, laser-cut, lighted signs)."
custom made dining table near me,30,58,Other place,Service near me,/custom-furniture/custom-dining-tables/,supporting,
custom upholstered furniture near me,30,57,Other place,Off-topic,,,"Upholstery, leather, mechanisms or covers: not a service Grace has confirmed."
custom upholstered furniture north carolina,30,50,Service (no place),Off-topic,,,"Upholstery, leather, mechanisms or covers: not a service Grace has confirmed."
custom wood cabin signs,30,21,Service (no place),Service,/custom-signs/,supporting,
custom wood garden signs,30,31,Service (no place),Service,/custom-signs/,supporting,
custom wood routed signs,30,32,Service (no place),Service,/custom-signs/,supporting,
custom wood signs with pictures,30,35,Service (no place),Service,/custom-signs/,supporting,
custom wood street signs,30,15,Service (no place),Service,/custom-signs/,supporting,
custom wood table base,30,16,Service (no place),Service,/custom-furniture/custom-dining-tables/,supporting,
deck repair bel air md,30,19,Other place,Other place,,,Names a place outside Grace's 15 East Texas towns.
deck repair birmingham al,30,27,Other place,Other place,,,Names a place outside Grace's 15 East Texas towns.
deck repair boston,30,12,Other place,Other place,,,Names a place outside Grace's 15 East Texas towns.
deck repair cleveland,30,18,Other place,Other place,,,Names a place outside Grace's 15 East Texas towns.
deck repair dallas,30,18,Other place,Other place,,,Names a place outside Grace's 15 East Texas towns.
deck repair des moines,30,13,Other place,Other place,,,Names a place outside Grace's 15 East Texas towns.
deck repair estimate,30,19,Service (no place),Service,/deck-repair/,supporting,
deck repair franklin tn,30,20,Other place,Other place,,,Names a place outside Grace's 15 East Texas towns.
deck repair fredericksburg va,30,19,Other place,Other place,,,Names a place outside Grace's 15 East Texas towns.
deck repair grand rapids,30,11,Other place,Other place,,,Names a place outside Grace's 15 East Texas towns.
deck repair harrisburg pa,30,10,Other place,Other place,,,Names a place outside Grace's 15 East Texas towns.
deck repair home depot,30,28,Off-topic,Other business or brand,,,"Another company's name or a brand: searchers want that business, not Grace."
deck repair lancaster pa,30,15,Other place,Other place,,,Names a place outside Grace's 15 East Texas towns.
deck repair lexington ky,30,16,Other place,Other place,,,Names a place outside Grace's 15 East Texas towns.
deck repair los angeles,30,13,Other place,Other place,,,Names a place outside Grace's 15 East Texas towns.
deck repair midlothian va,30,16,Other place,Other place,,,Names a place outside Grace's 15 East Texas towns.
deck repair orlando,30,31,Other place,Other place,,,Names a place outside Grace's 15 East Texas towns.
deck repair paint lowes,30,25,Off-topic,Other business or brand,,,"Another company's name or a brand: searchers want that business, not Grace."
deck repair rochester ny,30,19,Other place,Other place,,,Names a place outside Grace's 15 East Texas towns.
deck repair rock hill sc,30,18,Other place,Other place,,,Names a place outside Grace's 15 East Texas towns.
deck repair roswell ga,30,23,Other place,Other place,,,Names a place outside Grace's 15 East Texas towns.
deck repair san francisco,30,28,Other place,Other place,,,Names a place outside Grace's 15 East Texas towns.
deck repair specialist,30,36,Service (no place),Service,/deck-repair/,supporting,
deck repair vancouver wa,30,15,Other place,Other place,,,Names a place outside Grace's 15 East Texas towns.
deck repair virginia beach,30,23,Other place,Other place,,,Names a place outside Grace's 15 East Texas towns.
deck repair west chester pa,30,11,Other place,Other place,,,Names a place outside Grace's 15 East Texas towns.
does lowes do custom cabinets,30,33,Off-topic,Other business or brand,,,"Another company's name or a brand: searchers want that business, not Grace."
easy does it furniture repair,30,23,Service (no place),Other business or brand,,,"Another company's name or a brand: searchers want that business, not Grace."
furniture refinishing baltimore,30,25,Other place,Other place,,,Names a place outside Grace's 15 East Texas towns.
furniture refinishing birmingham al,30,26,Other place,Other place,,,Names a place outside Grace's 15 East Texas towns.
furniture refinishing boca raton,30,18,Other place,Other place,,,Names a place outside Grace's 15 East Texas towns.
furniture refinishing boston,30,18,Other place,Other place,,,Names a place outside Grace's 15 East Texas towns.
furniture refinishing brooklyn,30,13,Other place,Other place,,,Names a place outside Grace's 15 East Texas towns.
furniture refinishing business near me,30,30,Other place,DIY or product,,,"Hobby woodworking shops, tools or the business of woodworking: not a customer looking for a shop to hire."
furniture refinishing cape cod,30,25,Service (no place),Other place,,,Names a place outside Grace's 15 East Texas towns.
furniture refinishing charleston sc,30,24,Other place,Other place,,,Names a place outside Grace's 15 East Texas towns.
furniture refinishing cleveland,30,16,Other place,Other place,,,Names a place outside Grace's 15 East Texas towns.
furniture refinishing ct,30,13,Other place,Other place,,,Names a place outside Grace's 15 East Texas towns.
furniture refinishing dayton ohio,30,24,Other place,Other place,,,Names a place outside Grace's 15 East Texas towns.
furniture refinishing des moines,30,22,Other place,Other place,,,Names a place outside Grace's 15 East Texas towns.
furniture refinishing durham,30,15,Other place,Other place,,,Names a place outside Grace's 15 East Texas towns.
furniture refinishing equipment,30,13,Service (no place),DIY or product,,,"A product, tool or material for doing it yourself: product pages win these, not a shop."
furniture refinishing fort worth,30,23,Other place,Other place,,,Names a place outside Grace's 15 East Texas towns.
furniture refinishing frederick md,30,17,Other place,Other place,,,Names a place outside Grace's 15 East Texas towns.
furniture refinishing gainesville fl,30,24,Other place,Other place,,,Names a place outside Grace's 15 East Texas towns.
furniture refinishing grand rapids,30,19,Other place,Other place,,,Names a place outside Grace's 15 East Texas towns.
furniture refinishing greensboro nc,30,22,Other place,Other place,,,Names a place outside Grace's 15 East Texas towns.
furniture refinishing greenville sc,30,23,Other place,Other place,,,Names a place outside Grace's 15 East Texas towns.
furniture refinishing huntsville al,30,29,Other place,Other place,,,Names a place outside Grace's 15 East Texas towns.
furniture refinishing lexington ky,30,19,Other place,Other place,,,Names a place outside Grace's 15 East Texas towns.
furniture refinishing lincoln ne,30,14,Other place,Other place,,,Names a place outside Grace's 15 East Texas towns.
furniture refinishing madison wi,30,20,Other place,Other place,,,Names a place outside Grace's 15 East Texas towns.
furniture refinishing marietta ga,30,21,Other place,Other place,,,Names a place outside Grace's 15 East Texas towns.
furniture refinishing memphis,30,18,Other place,Other place,,,Names a place outside Grace's 15 East Texas towns.
furniture refinishing miami,30,26,Other place,Other place,,,Names a place outside Grace's 15 East Texas towns.
furniture refinishing milwaukee,30,20,Other place,Other place,,,Names a place outside Grace's 15 East Texas towns.
furniture refinishing near me within 5 mi,30,26,Other place,Service near me,/furniture-repair/furniture-refinishing/,supporting,
furniture refinishing ocala fl,30,21,Other place,Other place,,,Names a place outside Grace's 15 East Texas towns.
furniture refinishing omaha,30,14,Other place,Other place,,,Names a place outside Grace's 15 East Texas towns.
furniture refinishing orlando,30,17,Other place,Other place,,,Names a place outside Grace's 15 East Texas towns.
furniture refinishing pasadena,30,25,Other place,Other place,,,Names a place outside Grace's 15 East Texas towns.
furniture refinishing philadelphia,30,23,Other place,Other place,,,Names a place outside Grace's 15 East Texas towns.
furniture refinishing price guide,30,15,Service (no place),Question,/furniture-repair/furniture-refinishing-cost/,supporting,
furniture refinishing roanoke va,30,25,Other place,Other place,,,Names a place outside Grace's 15 East Texas towns.
furniture refinishing san jose,30,24,Other place,Other place,,,Names a place outside Grace's 15 East Texas towns.
furniture refinishing santa barbara,30,23,Service (no place),Other place,,,Names a place outside Grace's 15 East Texas towns.
furniture refinishing summerville sc,30,25,Other place,Other place,,,Names a place outside Grace's 15 East Texas towns.
furniture refinishing tips,30,34,Service (no place),DIY or product,,,"Do-it-yourself how-to: the plan does not publish step-by-step DIY repair, power-tool or structural instructions; pages answer the question and say when to call."
furniture refinishing tulsa,30,26,Other place,Other place,,,Names a place outside Grace's 15 East Texas towns.
furniture refinishing vero beach,30,24,Service (no place),Other place,,,Names a place outside Grace's 15 East Texas towns.
furniture refinishing virginia beach,30,24,Other place,Other place,,,Names a place outside Grace's 15 East Texas towns.
furniture refinishing wichita ks,30,27,Other place,Other place,,,Names a place outside Grace's 15 East Texas towns.
furniture refinishing winston salem,30,20,Other place,Other place,,,Names a place outside Grace's 15 East Texas towns.
furniture repair bend oregon,30,17,Service (no place),Other place,,,Names a place outside Grace's 15 East Texas towns.
furniture repair boca raton,30,19,Other place,Other place,,,Names a place outside Grace's 15 East Texas towns.
furniture repair classes,30,18,Off-topic,Off-topic,,,"Jobs, classes, videos, stairlifts or other searches that are not a customer hiring a woodwork shop."
furniture repair classes near me,30,39,Off-topic,Off-topic,,,"Jobs, classes, videos, stairlifts or other searches that are not a customer hiring a woodwork shop."
furniture repair daytona beach,30,24,Service (no place),Other place,,,Names a place outside Grace's 15 East Texas towns.
furniture repair electric recliner,30,26,Service (no place),Off-topic,,,"Upholstery, leather, mechanisms or covers: not a service Grace has confirmed."
furniture repair erie pa,30,24,Other place,Other place,,,Names a place outside Grace's 15 East Texas towns.
furniture repair estimate,30,26,Service (no place),Question,/furniture-repair/furniture-refinishing-cost/,supporting,
furniture repair evanston,30,13,Service (no place),Other place,,,Names a place outside Grace's 15 East Texas towns.
furniture repair fayetteville ar,30,23,Other place,Other place,,,Names a place outside Grace's 15 East Texas towns.
furniture repair gainesville fl,30,24,Other place,Other place,,,Names a place outside Grace's 15 East Texas towns.
furniture repair gastonia nc,30,24,Other place,Other place,,,Names a place outside Grace's 15 East Texas towns.
furniture repair gilbert az,30,19,Other place,Other place,,,Names a place outside Grace's 15 East Texas towns.
furniture repair hardware,30,32,DIY or product,DIY or product,,,"A product, tool or material for doing it yourself: product pages win these, not a shop."
furniture repair henderson,30,17,East Texas,East Texas,/furniture-repair/henderson-tx.html,supporting,
furniture repair high point nc,30,26,Other place,Other place,,,Names a place outside Grace's 15 East Texas towns.
furniture repair home depot,30,35,Off-topic,Other business or brand,,,"Another company's name or a brand: searchers want that business, not Grace."
furniture repair home service,30,26,Service (no place),Service,,,In-home repair: Grace works in its Kilgore shop and has not confirmed on-site furniture repair.
furniture repair jersey city,30,22,Other place,Other place,,,Names a place outside Grace's 15 East Texas towns.
furniture repair joplin mo,30,25,Other place,Other place,,,Names a place outside Grace's 15 East Texas towns.
furniture repair mckinney tx,30,29,Other place,Other place,,,Names a place outside Grace's 15 East Texas towns.
furniture repair murfreesboro tn,30,24,Other place,Other place,,,Names a place outside Grace's 15 East Texas towns.
furniture repair near me in home,30,42,Other place,Service near me,,,In-home repair: Grace works in its Kilgore shop and has not confirmed on-site furniture repair.
furniture repair near me wood,30,39,Other place,Service near me,/furniture-repair/,supporting,
furniture repair parts near me,30,27,Other place,DIY or product,,,"A product, tool or material for doing it yourself: product pages win these, not a shop."
furniture repair quote,30,32,Service (no place),Question,/furniture-repair/furniture-refinishing-cost/,supporting,
furniture repair roanoke va,30,22,Other place,Other place,,,Names a place outside Grace's 15 East Texas towns.
furniture repair rochester mn,30,25,Other place,Other place,,,Names a place outside Grace's 15 East Texas towns.
furniture repair roseville,30,19,Service (no place),Other place,,,Names a place outside Grace's 15 East Texas towns.
furniture repair specialist near me,30,45,Other place,Service near me,/furniture-repair/,supporting,
furniture repair supplies near me,30,26,Other place,DIY or product,,,"A product, tool or material for doing it yourself: product pages win these, not a shop."
furniture repair technician jobs near me,30,23,Off-topic,Off-topic,,,"Jobs, classes, videos, stairlifts or other searches that are not a customer hiring a woodwork shop."
furniture repair venice fl,30,26,Other place,Other place,,,Names a place outside Grace's 15 East Texas towns.
furniture repair vero beach,30,23,Service (no place),Other place,,,Names a place outside Grace's 15 East Texas towns.
furniture repair worcester ma,30,20,Other place,Other place,,,Names a place outside Grace's 15 East Texas towns.
furniture repair york,30,32,Service (no place),Other place,,,Names a place outside Grace's 15 East Texas towns.
furniture restoration alexandria va,30,15,Other place,Other place,,,Names a place outside Grace's 15 East Texas towns.
furniture restoration birmingham al,30,23,Other place,Other place,,,Names a place outside Grace's 15 East Texas towns.
furniture restoration boise,30,16,Other place,Other place,,,Names a place outside Grace's 15 East Texas towns.
furniture restoration cleveland,30,18,Other place,Other place,,,Names a place outside Grace's 15 East Texas towns.
furniture restoration companies near me,30,38,Other place,Service near me,/furniture-repair/,supporting,
furniture restoration courses for beginners,30,23,Off-topic,Off-topic,,,"Jobs, classes, videos, stairlifts or other searches that are not a customer hiring a woodwork shop."
furniture restoration dc,30,28,Other place,Other place,,,Names a place outside Grace's 15 East Texas towns.
furniture restoration des moines,30,19,Other place,Other place,,,Names a place outside Grace's 15 East Texas towns.
furniture restoration detroit,30,21,Other place,Other place,,,Names a place outside Grace's 15 East Texas towns.
furniture restoration el paso,30,24,Other place,Other place,,,Names a place outside Grace's 15 East Texas towns.
furniture restoration grand rapids,30,19,Other place,Other place,,,Names a place outside Grace's 15 East Texas towns.
furniture restoration greensboro nc,30,15,Other place,Other place,,,Names a place outside Grace's 15 East Texas towns.
furniture restoration greenville sc,30,20,Other place,Other place,,,Names a place outside Grace's 15 East Texas towns.
furniture restoration jobs near me,30,18,Off-topic,Off-topic,,,"Jobs, classes, videos, stairlifts or other searches that are not a customer hiring a woodwork shop."
furniture restoration madison wi,30,22,Other place,Other place,,,Names a place outside Grace's 15 East Texas towns.
furniture restoration marietta ga,30,22,Other place,Other place,,,Names a place outside Grace's 15 East Texas towns.
furniture restoration omaha,30,14,Other place,Other place,,,Names a place outside Grace's 15 East Texas towns.
furniture restoration places near me,30,48,Other place,Service near me,/furniture-repair/,supporting,
furniture restoration portland maine,30,14,Other place,Other place,,,Names a place outside Grace's 15 East Texas towns.
furniture restoration queens,30,10,Other place,Other place,,,Names a place outside Grace's 15 East Texas towns.
furniture restoration reddit,30,31,Off-topic,Off-topic,,,"Jobs, classes, videos, stairlifts or other searches that are not a customer hiring a woodwork shop."
furniture restoration reno,30,25,Other place,Other place,,,Names a place outside Grace's 15 East Texas towns.
furniture restoration rhode island,30,17,Service (no place),Other place,,,Names a place outside Grace's 15 East Texas towns.
furniture restoration rochester ny,30,22,Other place,Other place,,,Names a place outside Grace's 15 East Texas towns.
furniture restoration supplies near me,30,46,Other place,DIY or product,,,"A product, tool or material for doing it yourself: product pages win these, not a shop."
furniture restoration techniques,30,41,Service (no place),DIY or product,,,"Do-it-yourself how-to: the plan does not publish step-by-step DIY repair, power-tool or structural instructions; pages answer the question and say when to call."
furniture restoration tulsa,30,21,Other place,Other place,,,Names a place outside Grace's 15 East Texas towns.
furniture restoration tyler tx,30,11,East Texas,East Texas,/furniture-repair/tyler-tx.html,supporting,
furniture restoration west palm beach,30,26,Other place,Other place,,,Names a place outside Grace's 15 East Texas towns.
furniture restoration wichita ks,30,24,Other place,Other place,,,Names a place outside Grace's 15 East Texas towns.
how kitchen cabinets are built,30,32,Question,DIY or product,,,"Shopping for stock kitchen cabinets, hardware or design ideas: retailers and showrooms own these; Grace builds and refinishes, it does not sell stock lines."
how kitchen cabinets are made,30,28,Question,DIY or product,,,"Shopping for stock kitchen cabinets, hardware or design ideas: retailers and showrooms own these; Grace builds and refinishes, it does not sell stock lines."
how long does cabinet refacing last,30,14,Question,Question,/custom-cabinets/what-is-cabinet-refacing/,supporting,
how long does it take to sand a table,30,41,Question,Service,/furniture-repair/table-refinishing/,supporting,
how made furniture,30,33,Question,Off-topic,,,Off-topic or noise: not a search for woodwork Grace does.
how many carpenter ants is a problem,30,25,Off-topic,Off-topic,,,Sheet verdict kept: not woodwork Grace does.
how many carpenter bees live in one hole,30,31,Off-topic,Off-topic,,,Sheet verdict kept: not woodwork Grace does.
how many kitchen cabinets do i need,30,19,Question,DIY or product,,,"Shopping for stock kitchen cabinets, hardware or design ideas: retailers and showrooms own these; Grace builds and refinishes, it does not sell stock lines."
how many restoration hardware stores are there,30,29,Question,Other business or brand,,,"Another company's name or a brand: searchers want that business, not Grace."
how many supports for a deck,30,33,Question,Off-topic,,,"Jobs, classes, videos, stairlifts or other searches that are not a customer hiring a woodwork shop."
how much are custom cabinets per linear foot,30,15,Question,Service,/custom-cabinets/,supporting,
how much does custom furniture cost,30,31,Question,Service,/custom-furniture/,supporting,
how much does kitchen cabinet painting cost,30,42,Question,Question,/custom-cabinets/cabinet-painting-cost/,supporting,
how much is custom cabinetry,30,21,Question,Service,/custom-cabinets/,supporting,
how much should custom cabinets cost,30,22,Question,Service,/custom-cabinets/,supporting,
how much space per person at dining table,30,25,Question,Question,/custom-furniture/dining-table-size-for-8/,supporting,
how often should you replace furniture,30,34,Question,Question,/furniture-repair/,supporting,
how to fix broken wood in couch,30,26,Other place,Other place,,,Names a place outside Grace's 15 East Texas towns.
how to make custom wood signs,30,34,Question,DIY or product,,,"Do-it-yourself how-to: the plan does not publish step-by-step DIY repair, power-tool or structural instructions; pages answer the question and say when to call."
how to repair deck posts,30,27,Question,DIY or product,,,"Do-it-yourself how-to: the plan does not publish step-by-step DIY repair, power-tool or structural instructions; pages answer the question and say when to call."
how to repair deck stairs,30,19,Question,DIY or product,,,"Do-it-yourself how-to: the plan does not publish step-by-step DIY repair, power-tool or structural instructions; pages answer the question and say when to call."
how to repair porch columns,30,39,Question,DIY or product,,,"Do-it-yourself how-to: the plan does not publish step-by-step DIY repair, power-tool or structural instructions; pages answer the question and say when to call."
how to repair porch posts,30,25,Question,DIY or product,,,"Do-it-yourself how-to: the plan does not publish step-by-step DIY repair, power-tool or structural instructions; pages answer the question and say when to call."
how to repair porch roof,30,23,Question,Off-topic,,,"Screens, masonry, roofing or full replacement: outside the porch and deck repair Grace confirmed."
is cabinet paint oil based,30,24,Question,Service,/custom-cabinets/cabinet-painting/,supporting,
is cabinets.com legit,30,26,Question,Other business or brand,,,"Another company's name or a brand: searchers want that business, not Grace."
kilgore tx 75662 united states,30,5,East Texas,Off-topic,,,Off-topic or noise: not a search for woodwork Grace does.
kitchen cabinets 2025 trends,30,27,DIY or product,DIY or product,,,"Shopping for stock kitchen cabinets, hardware or design ideas: retailers and showrooms own these; Grace builds and refinishes, it does not sell stock lines."
kitchen cabinets 2026 colors,30,17,DIY or product,DIY or product,,,"Shopping for stock kitchen cabinets, hardware or design ideas: retailers and showrooms own these; Grace builds and refinishes, it does not sell stock lines."
kitchen cabinets 36 inches high,30,16,DIY or product,DIY or product,,,"Shopping for stock kitchen cabinets, hardware or design ideas: retailers and showrooms own these; Grace builds and refinishes, it does not sell stock lines."
kitchen cabinets 42 inches high,30,21,DIY or product,DIY or product,,,"Shopping for stock kitchen cabinets, hardware or design ideas: retailers and showrooms own these; Grace builds and refinishes, it does not sell stock lines."
kitchen cabinets blue and white,30,27,DIY or product,DIY or product,,,"Shopping for stock kitchen cabinets, hardware or design ideas: retailers and showrooms own these; Grace builds and refinishes, it does not sell stock lines."
kitchen cabinets jobs near me,30,22,Off-topic,Off-topic,,,"Jobs, classes, videos, stairlifts or other searches that are not a customer hiring a woodwork shop."
kitchen cabinets jonesboro ar,30,16,Other place,Other place,,,Names a place outside Grace's 15 East Texas towns.
kitchen cabinets kent,30,25,DIY or product,Other place,,,Names a place outside Grace's 15 East Texas towns.
kitchen cabinets liquidators near me,30,25,Other place,DIY or product,,,"Shopping for stock kitchen cabinets, hardware or design ideas: retailers and showrooms own these; Grace builds and refinishes, it does not sell stock lines."
kitchen cabinets near me cheap,30,58,Other place,DIY or product,,,"Shopping for stock kitchen cabinets, hardware or design ideas: retailers and showrooms own these; Grace builds and refinishes, it does not sell stock lines."
kitchen cabinets qatar,30,20,DIY or product,Other place,,,Names a place outside Grace's 15 East Texas towns.
kitchen cabinets that go all the way to the ceiling,30,25,DIY or product,DIY or product,,,Sheet verdict kept: a product or do-it-yourself search.
kitchen cabinets under $100,30,32,DIY or product,DIY or product,,,Sheet verdict kept: a product or do-it-yourself search.
kitchen cabinets upper and lower,30,65,Off-topic,Off-topic,,,Sheet verdict kept: not woodwork Grace does.
kitchen cabinets used for sale near me,30,30,Other place,DIY or product,,,"Shopping for stock kitchen cabinets, hardware or design ideas: retailers and showrooms own these; Grace builds and refinishes, it does not sell stock lines."
kitchen cabinets vermont,30,16,DIY or product,Other place,,,Names a place outside Grace's 15 East Texas towns.
kitchen cabinets virginia,30,19,DIY or product,Other place,,,Names a place outside Grace's 15 East Texas towns.
kitchen cabinets yuma az,30,13,Other place,Other place,,,Names a place outside Grace's 15 East Texas towns.
porch foundation repair cost,30,37,Service (no place),Off-topic,,,"Screens, masonry, roofing or full replacement: outside the porch and deck repair Grace confirmed."
porch post repair near me,30,31,Other place,Service near me,/porch-repair/,supporting,
porch roof repair near me,30,35,Other place,Off-topic,,,"Screens, masonry, roofing or full replacement: outside the porch and deck repair Grace confirmed."
porch screen repair services,30,16,Service (no place),Off-topic,,,"Screens, masonry, roofing or full replacement: outside the porch and deck repair Grace confirmed."
repair porch posts with rot,30,25,Service (no place),Service,/porch-repair/,supporting,
seat caning near me,30,17,Other place,Service near me,/furniture-repair/chair-caning-and-repair/,supporting,
signs tyler texas,30,36,East Texas,East Texas,/custom-signs/tyler-tx.html,supporting,
table fan repair near me,30,46,Other place,Off-topic,,,Off-topic or noise: not a search for woodwork Grace does.
table restoration ideas,30,29,DIY or product,DIY or product,,,"Do-it-yourself how-to: the plan does not publish step-by-step DIY repair, power-tool or structural instructions; pages answer the question and say when to call."
table resurfacing near me,30,41,Other place,Service near me,/furniture-repair/table-refinishing/,supporting,
table rock restoration,30,29,Service (no place),Other business or brand,,,"Another company's name or a brand: searchers want that business, not Grace."
what is cabinet refacing cost,30,17,Question,Question,/custom-cabinets/what-is-cabinet-refacing/,supporting,
what kitchen cabinet colors are timeless,30,25,Question,DIY or product,,,"Shopping for stock kitchen cabinets, hardware or design ideas: retailers and showrooms own these; Grace builds and refinishes, it does not sell stock lines."
what kitchen cabinets are timeless,30,21,Question,DIY or product,,,"Shopping for stock kitchen cabinets, hardware or design ideas: retailers and showrooms own these; Grace builds and refinishes, it does not sell stock lines."
what to put on built in shelves,30,33,Other place,DIY or product,,,"Do-it-yourself how-to: the plan does not publish step-by-step DIY repair, power-tool or structural instructions; pages answer the question and say when to call."
where to buy custom cabinets,30,44,Question,Service,/custom-cabinets/,supporting,
where to get furniture refinished,30,32,Question,Service,/furniture-repair/furniture-refinishing/,supporting,
which kitchen cabinets are best quality,30,21,Question,DIY or product,,,"Shopping for stock kitchen cabinets, hardware or design ideas: retailers and showrooms own these; Grace builds and refinishes, it does not sell stock lines."
who does chair caning near me,30,14,Other place,Service near me,/furniture-repair/chair-caning-and-repair/,supporting,
who is carpenter brut,30,67,Off-topic,Off-topic,,,Sheet verdict kept: not woodwork Grace does.
who refurbishes furniture,30,46,Question,Service,/furniture-repair/furniture-refinishing/,supporting,
who's john carpenter,30,68,Off-topic,Off-topic,,,Sheet verdict kept: not woodwork Grace does.
wood furniture & floor repair markers,30,34,DIY or product,Off-topic,,,Floor refinishing: not a service Grace has confirmed.
wood furniture damage repair,30,35,Service (no place),Service,/furniture-repair/,supporting,
wood furniture refinishing services near me,30,19,Other place,Service near me,/furniture-repair/furniture-refinishing/,supporting,
wood furniture repair houston,30,21,Other place,Other place,,,Names a place outside Grace's 15 East Texas towns.
wood furniture restoration polish,30,31,DIY or product,DIY or product,,,"A product, tool or material for doing it yourself: product pages win these, not a shop."
wood shop online,30,73,Service (no place),DIY or product,,,"Hobby woodworking shops, tools or the business of woodworking: not a customer looking for a shop to hire."
woodworking shop coat,30,20,Service (no place),DIY or product,,,"Hobby woodworking shops, tools or the business of woodworking: not a customer looking for a shop to hire."
woodworking shop colorado springs,30,22,Other place,Other place,,,Names a place outside Grace's 15 East Texas towns.
woodworking shop in basement,30,21,Other place,Other place,,,Names a place outside Grace's 15 East Texas towns.
woodworking shop in garage,30,23,Other place,Other place,,,Names a place outside Grace's 15 East Texas towns.
woodworking shop madison wi,30,19,Other place,Other place,,,Names a place outside Grace's 15 East Texas towns.
woodworking shop minneapolis,30,20,Other place,Other place,,,Names a place outside Grace's 15 East Texas towns.
woodworking shop name ideas,30,40,DIY or product,DIY or product,,,"Do-it-yourself how-to: the plan does not publish step-by-step DIY repair, power-tool or structural instructions; pages answer the question and say when to call."
woodworking shop okc,30,22,Other place,Other place,,,Names a place outside Grace's 15 East Texas towns.
woodworking shop orlando,30,25,Other place,Other place,,,Names a place outside Grace's 15 East Texas towns.
woodworking shop philadelphia,30,22,Other place,Other place,,,Names a place outside Grace's 15 East Texas towns.
woodworking shop tampa,30,25,Other place,Other place,,,Names a place outside Grace's 15 East Texas towns.
woodworking stores in my area,30,50,Other place,Other place,,,Sheet verdict kept: names a place outside Grace's area.
xavier carpenter,30,23,Off-topic,Off-topic,,,Sheet verdict kept: not woodwork Grace does.
62 carpenter street,20,14,Off-topic,Off-topic,,,Sheet verdict kept: not woodwork Grace does.
69 carpenter st salem nj,20,9,Off-topic,Other place,,,Names a place outside Grace's 15 East Texas towns.
6n carpenter chicago,20,17,Off-topic,Other place,,,Names a place outside Grace's 15 East Texas towns.
9 in shelf,20,44,Other place,Other place,,,Names a place outside Grace's 15 East Texas towns.
antique furniture repair austin,20,30,Other place,Other place,,,Names a place outside Grace's 15 East Texas towns.
antique furniture repair houston,20,15,Other place,Other place,,,Names a place outside Grace's 15 East Texas towns.
antique furniture restoration chicago,20,17,Other place,Other place,,,Names a place outside Grace's 15 East Texas towns.
antique furniture restoration houston,20,17,Other place,Other place,,,Names a place outside Grace's 15 East Texas towns.
antique furniture restoration videos,20,7,DIY or product,Off-topic,,,"Jobs, classes, videos, stairlifts or other searches that are not a customer hiring a woodwork shop."
are construction signs warning signs,20,5,Question,Off-topic,,,Off-topic or noise: not a search for woodwork Grace does.
are custom cabinets more expensive,20,7,Question,Service,/custom-cabinets/,supporting,
built in shelves around brick fireplace,20,32,Other place,Off-topic,,,"Screens, masonry, roofing or full replacement: outside the porch and deck repair Grace confirmed."
built in shelves design ideas,20,30,Other place,DIY or product,,,"Do-it-yourself how-to: the plan does not publish step-by-step DIY repair, power-tool or structural instructions; pages answer the question and say when to call."
built in shelves dimensions,20,24,Other place,Service,/custom-cabinets/built-in-shelves/,supporting,
built in shelves in bathroom wall,20,36,Other place,Service,/custom-cabinets/built-in-shelves/,supporting,
built in shelves in office,20,36,Other place,Service,/custom-cabinets/built-in-shelves/,supporting,
cabinet makers midland tx,20,20,Other place,Other place,,,Names a place outside Grace's 15 East Texas towns.
cabinet paint at menards,20,36,Off-topic,Other business or brand,,,"Another company's name or a brand: searchers want that business, not Grace."
cabinet paint at sherwin williams,20,35,Service (no place),Other business or brand,,,"Another company's name or a brand: searchers want that business, not Grace."
cabinet paint gloss,20,42,Service (no place),DIY or product,,,"A product, tool or material for doing it yourself: product pages win these, not a shop."
cabinet paint one coat,20,36,Service (no place),DIY or product,,,"A product, tool or material for doing it yourself: product pages win these, not a shop."
cabinet painting classes near me,20,13,Off-topic,Off-topic,,,"Jobs, classes, videos, stairlifts or other searches that are not a customer hiring a woodwork shop."
cabinet painting cost per door,20,11,Service (no place),Question,/custom-cabinets/cabinet-painting-cost/,supporting,
cabinet painting myrtle beach,20,30,Service (no place),Other place,,,Names a place outside Grace's 15 East Texas towns.
cabinet painting omaha,20,42,Other place,Other place,,,Names a place outside Grace's 15 East Texas towns.
cabinet painting rochester ny,20,33,Other place,Other place,,,Names a place outside Grace's 15 East Texas towns.
cabinet painting specialist,20,44,Service (no place),Service,/custom-cabinets/cabinet-painting/,supporting,
cabinet refacing baltimore,20,26,Other place,Other place,,,Names a place outside Grace's 15 East Texas towns.
cabinet refacing bay area,20,36,Other place,Other place,,,Names a place outside Grace's 15 East Texas towns.
cabinet refacing color options,20,36,Service (no place),Service,/custom-cabinets/cabinet-refacing/,supporting,
cabinet refacing lancaster pa,20,24,Other place,Other place,,,Names a place outside Grace's 15 East Texas towns.
cabinet refacing rhode island,20,35,Service (no place),Other place,,,Names a place outside Grace's 15 East Texas towns.
can a concrete porch be repaired,20,24,Question,Off-topic,,,"Screens, masonry, roofing or full replacement: outside the porch and deck repair Grace confirmed."
can cabinet paint be used on walls,20,7,Question,DIY or product,,,"A product, tool or material for doing it yourself: product pages win these, not a shop."
can kitchen cabinets be removed and reused,20,13,Question,DIY or product,,,"Shopping for stock kitchen cabinets, hardware or design ideas: retailers and showrooms own these; Grace builds and refinishes, it does not sell stock lines."
can kitchen cabinets be stained,20,12,Question,Service,/custom-cabinets/cabinet-painting/,supporting,
can kitchen cabinets be used in bathroom,20,5,Other place,Other place,,,Names a place outside Grace's 15 East Texas towns.
cane chair 3d model,20,32,Service (no place),DIY or product,,,"Shopping for a new or project piece, not for repair."
cane chair hanging,20,44,Service (no place),DIY or product,,,"Shopping for a new or project piece, not for repair."
cane chair lounge,20,44,Service (no place),DIY or product,,,"Shopping for a new or project piece, not for repair."
cane chair repair cost,20,7,Service (no place),Question,/furniture-repair/how-chair-caning-is-repaired/,supporting,
carpenter 20 material,20,18,Off-topic,Off-topic,,,Sheet verdict kept: not woodwork Grace does.
carpenter 455,20,18,Off-topic,Off-topic,,,Sheet verdict kept: not woodwork Grace does.
carpenter how to become,20,7,Off-topic,Off-topic,,,Sheet verdict kept: not woodwork Grace does.
carpenter knife blade,20,44,Off-topic,Off-topic,,,Sheet verdict kept: not woodwork Grace does.
carpenter roofing gun,20,26,Off-topic,Off-topic,,,Sheet verdict kept: not woodwork Grace does.
chair 1 barber,20,13,Service (no place),Other business or brand,,,"Another company's name or a brand: searchers want that business, not Grace."
chair back repair,20,18,Service (no place),Service,/furniture-repair/chair-caning-and-repair/,supporting,
chair caning by anne,20,18,Service (no place),Other business or brand,,,"Another company's name or a brand: searchers want that business, not Grace."
chair caning in my area,20,15,Other place,Service,/furniture-repair/chair-caning-and-repair/,supporting,
chair caning repair cost,20,9,Service (no place),Question,/furniture-repair/how-chair-caning-is-repaired/,supporting,
chair caning spline,20,43,Service (no place),Question,/furniture-repair/how-chair-caning-is-repaired/,supporting,
chair caning supplies michaels,20,36,DIY or product,DIY or product,,,"A product, tool or material for doing it yourself: product pages win these, not a shop."
chair leather repair near me,20,15,Other place,Off-topic,,,"Upholstery, leather, mechanisms or covers: not a service Grace has confirmed."
chair repair center,20,13,Service (no place),Service,/furniture-repair/chair-caning-and-repair/,supporting,
custom cabinets com,20,44,Service (no place),Other business or brand,,,"Another company's name or a brand: searchers want that business, not Grace."
custom cabinets for dining room,20,34,Service (no place),Service,/custom-cabinets/,supporting,
custom cabinets gainesville ga,20,16,Other place,Other place,,,Names a place outside Grace's 15 East Texas towns.
custom cabinets georgetown tx,20,27,Other place,Other place,,,Names a place outside Grace's 15 East Texas towns.
custom cabinets gilbert az,20,32,Other place,Other place,,,Names a place outside Grace's 15 East Texas towns.
custom cabinets hickory nc,20,34,Other place,Other place,,,Names a place outside Grace's 15 East Texas towns.
custom cabinets made to order,20,17,Service (no place),DIY or product,,,"Online or mass-produced custom products, or materials Grace does not work in (glass, metal, granite, laser-cut, lighted signs)."
custom cabinets oregon,20,38,Service (no place),Other place,,,Names a place outside Grace's 15 East Texas towns.
custom cabinets per linear foot,20,17,Service (no place),Service,/custom-cabinets/,supporting,
custom cabinets rock hill sc,20,31,Other place,Other place,,,Names a place outside Grace's 15 East Texas towns.
custom cabinets santa cruz,20,24,Service (no place),Other place,,,Names a place outside Grace's 15 East Texas towns.
custom cabinets torrance,20,39,Service (no place),Other place,,,Names a place outside Grace's 15 East Texas towns.
custom cabinets vancouver,20,17,Other place,Other place,,,Names a place outside Grace's 15 East Texas towns.
custom cabinets walnut creek,20,35,Service (no place),Other place,,,Names a place outside Grace's 15 East Texas towns.
custom cabinets wholesale,20,44,Service (no place),DIY or product,,,"Online or mass-produced custom products, or materials Grace does not work in (glass, metal, granite, laser-cut, lighted signs)."
custom cabinets yakima,20,30,Service (no place),Other place,,,Names a place outside Grace's 15 East Texas towns.
custom dining table base,20,36,Service (no place),Service,/custom-furniture/custom-dining-tables/,supporting,
custom dining table chicago,20,34,Other place,Other place,,,Names a place outside Grace's 15 East Texas towns.
custom furniture bozeman,20,32,Service (no place),Other place,,,Names a place outside Grace's 15 East Texas towns.
custom furniture brands,20,40,Service (no place),DIY or product,,,"Online or mass-produced custom products, or materials Grace does not work in (glass, metal, granite, laser-cut, lighted signs)."
custom furniture cabinets,20,31,Service (no place),Service,/custom-furniture/,supporting,
custom furniture california,20,41,Service (no place),Other place,,,Names a place outside Grace's 15 East Texas towns.
custom furniture carpenter near me,20,30,Other place,Service near me,/custom-furniture/,supporting,
custom furniture el paso,20,36,Other place,Other place,,,Names a place outside Grace's 15 East Texas towns.
custom furniture el paso tx,20,5,Other place,Other place,,,Names a place outside Grace's 15 East Texas towns.
custom furniture hardware,20,44,DIY or product,DIY or product,,,"A product, tool or material for doing it yourself: product pages win these, not a shop."
custom furniture jobs near me,20,5,Off-topic,Off-topic,,,"Jobs, classes, videos, stairlifts or other searches that are not a customer hiring a woodwork shop."
custom furniture long island,20,33,Other place,Other place,,,Names a place outside Grace's 15 East Texas towns.
custom furniture maker salary,20,5,Off-topic,Off-topic,,,"Jobs, classes, videos, stairlifts or other searches that are not a customer hiring a woodwork shop."
custom furniture risers,20,44,Service (no place),DIY or product,,,"Online or mass-produced custom products, or materials Grace does not work in (glass, metal, granite, laser-cut, lighted signs)."
custom furniture swainsboro georgia,20,17,Service (no place),Other place,,,Names a place outside Grace's 15 East Texas towns.
custom furniture texas,20,16,Service (no place),Service,/custom-furniture/,supporting,
custom furniture virginia,20,23,Service (no place),Other place,,,Names a place outside Grace's 15 East Texas towns.
custom height dining table,20,36,Service (no place),Service,/custom-furniture/custom-dining-tables/,supporting,
custom wood signs nearby,20,36,Service (no place),Service,/custom-signs/,supporting,
custom wooden hanging signs,20,36,Service (no place),Service,/custom-signs/,supporting,
deck repair anchorage,20,38,Other place,Other place,,,Names a place outside Grace's 15 East Texas towns.
deck repair and refinishing near me,20,34,Other place,Service near me,/deck-repair/,supporting,
deck repair coating,20,13,Service (no place),Service,/deck-repair/,supporting,
deck repair fort collins,20,30,Service (no place),Other place,,,Names a place outside Grace's 15 East Texas towns.
deck repair germantown md,20,36,Other place,Other place,,,Names a place outside Grace's 15 East Texas towns.
deck repair ideas,20,29,DIY or product,DIY or product,,,"Do-it-yourself how-to: the plan does not publish step-by-step DIY repair, power-tool or structural instructions; pages answer the question and say when to call."
deck repair jacksonville,20,42,Other place,Other place,,,Names a place outside Grace's 15 East Texas towns.
deck repair leesburg va,20,25,Other place,Other place,,,Names a place outside Grace's 15 East Texas towns.
deck repair little rock,20,29,Other place,Other place,,,Names a place outside Grace's 15 East Texas towns.
deck repair milwaukee,20,37,Other place,Other place,,,Names a place outside Grace's 15 East Texas towns.
deck repair nj,20,41,Other place,Other place,,,Names a place outside Grace's 15 East Texas towns.
deck repair northern virginia,20,36,Service (no place),Other place,,,Names a place outside Grace's 15 East Texas towns.
deck repair quote,20,23,Service (no place),Service,/deck-repair/,supporting,
deck repair rhode island,20,34,Service (no place),Other place,,,Names a place outside Grace's 15 East Texas towns.
deck repair st charles mo,20,33,Other place,Other place,,,Names a place outside Grace's 15 East Texas towns.
deck repair syracuse ny,20,31,Other place,Other place,,,Names a place outside Grace's 15 East Texas towns.
deck repair tallahassee,20,28,Service (no place),Other place,,,Names a place outside Grace's 15 East Texas towns.
deck repair tampa,20,30,Other place,Other place,,,Names a place outside Grace's 15 East Texas towns.
deck repair tulsa,20,34,Other place,Other place,,,Names a place outside Grace's 15 East Texas towns.
deck repair williamsburg va,20,21,Other place,Other place,,,Names a place outside Grace's 15 East Texas towns.
deck repair york pa,20,31,Other place,Other place,,,Names a place outside Grace's 15 East Texas towns.
deck restoration diy,20,43,DIY or product,DIY or product,,,"Do-it-yourself how-to: the plan does not publish step-by-step DIY repair, power-tool or structural instructions; pages answer the question and say when to call."
does cabinet paint need a top coat,20,10,Question,Service,/custom-cabinets/cabinet-painting/,supporting,
ebay cane chair,20,38,Service (no place),Other business or brand,,,"Another company's name or a brand: searchers want that business, not Grace."
furniture refinishing bluffton sc,20,11,Other place,Other place,,,Names a place outside Grace's 15 East Texas towns.
furniture refinishing businesses near me,20,17,Other place,DIY or product,,,"Hobby woodworking shops, tools or the business of woodworking: not a customer looking for a shop to hire."
furniture refinishing classes near me for beginners,20,6,Off-topic,Off-topic,,,"Jobs, classes, videos, stairlifts or other searches that are not a customer hiring a woodwork shop."
furniture refinishing dc,20,23,Other place,Other place,,,Names a place outside Grace's 15 East Texas towns.
furniture refinishing fort myers,20,16,Other place,Other place,,,Names a place outside Grace's 15 East Texas towns.
furniture refinishing jobs near me,20,6,Off-topic,Off-topic,,,"Jobs, classes, videos, stairlifts or other searches that are not a customer hiring a woodwork shop."
furniture refinishing lancaster pa,20,7,Other place,Other place,,,Names a place outside Grace's 15 East Texas towns.
furniture refinishing myrtle beach,20,12,Service (no place),Other place,,,Names a place outside Grace's 15 East Texas towns.
furniture refinishing new orleans,20,18,Other place,Other place,,,Names a place outside Grace's 15 East Texas towns.
furniture refinishing oakland,20,29,Other place,Other place,,,Names a place outside Grace's 15 East Texas towns.
furniture refinishing price guide near me,20,9,Other place,Service near me,/furniture-repair/furniture-refinishing-cost/,supporting,
furniture refinishing rochester mn,20,11,Other place,Other place,,,Names a place outside Grace's 15 East Texas towns.
furniture refinishing supplies near me,20,25,Other place,DIY or product,,,"A product, tool or material for doing it yourself: product pages win these, not a shop."
furniture refinishing toledo,20,17,Other place,Other place,,,Names a place outside Grace's 15 East Texas towns.
furniture refinishing vancouver wa,20,22,Other place,Other place,,,Names a place outside Grace's 15 East Texas towns.
furniture refinishing west palm beach,20,20,Other place,Other place,,,Names a place outside Grace's 15 East Texas towns.
furniture refinishing williamsburg va,20,11,Other place,Other place,,,Names a place outside Grace's 15 East Texas towns.
furniture repair bethesda,20,38,Service (no place),Other place,,,Names a place outside Grace's 15 East Texas towns.
furniture repair duluth mn,20,11,Other place,Other place,,,Names a place outside Grace's 15 East Texas towns.
furniture repair edmond ok,20,19,Other place,Other place,,,Names a place outside Grace's 15 East Texas towns.
furniture repair escondido,20,28,Service (no place),Other place,,,Names a place outside Grace's 15 East Texas towns.
furniture repair freehold nj,20,30,Other place,Other place,,,Names a place outside Grace's 15 East Texas towns.
furniture repair helena mt,20,14,Other place,Other place,,,Names a place outside Grace's 15 East Texas towns.
furniture repair hendersonville nc,20,20,Other place,Other place,,,Names a place outside Grace's 15 East Texas towns.
furniture repair jacksonville nc,20,19,Other place,Other place,,,Names a place outside Grace's 15 East Texas towns.
furniture repair johnson city tn,20,15,Other place,Other place,,,Names a place outside Grace's 15 East Texas towns.
furniture repair kenosha,20,26,Service (no place),Other place,,,Names a place outside Grace's 15 East Texas towns.
furniture repair longview tx,20,12,East Texas,East Texas,/furniture-repair/longview-tx.html,supporting,
furniture repair man near me,20,27,Other place,Service near me,/furniture-repair/,supporting,
furniture repair materials,20,40,Service (no place),DIY or product,,,"A product, tool or material for doing it yourself: product pages win these, not a shop."
furniture repair paste,20,40,Service (no place),DIY or product,,,"A product, tool or material for doing it yourself: product pages win these, not a shop."
furniture repair person near me,20,21,Other place,Service near me,/furniture-repair/,supporting,
furniture repair tech,20,26,Service (no place),Service,/furniture-repair/,supporting,
furniture repair temple tx,20,17,Other place,Other place,,,Names a place outside Grace's 15 East Texas towns.
furniture repair ventura,20,20,Service (no place),Other place,,,Names a place outside Grace's 15 East Texas towns.
furniture repair welding,20,35,Service (no place),Off-topic,,,"Upholstery, leather, mechanisms or covers: not a service Grace has confirmed."
furniture restoration albany ny,20,5,Other place,Other place,,,Names a place outside Grace's 15 East Texas towns.
furniture restoration apprenticeship,20,15,Off-topic,Off-topic,,,"Jobs, classes, videos, stairlifts or other searches that are not a customer hiring a woodwork shop."
furniture restoration baton rouge,20,11,Other place,Other place,,,Names a place outside Grace's 15 East Texas towns.
furniture restoration buffalo ny,20,8,Other place,Other place,,,Names a place outside Grace's 15 East Texas towns.
furniture restoration dayton ohio,20,19,Other place,Other place,,,Names a place outside Grace's 15 East Texas towns.
furniture restoration doylestown pa,20,16,Other place,Other place,,,Names a place outside Grace's 15 East Texas towns.
furniture restoration durham nc,20,26,Other place,Other place,,,Names a place outside Grace's 15 East Texas towns.
furniture restoration for beginners,20,13,Service (no place),DIY or product,,,"Do-it-yourself how-to: the plan does not publish step-by-step DIY repair, power-tool or structural instructions; pages answer the question and say when to call."
furniture restoration fort wayne,20,13,Other place,Other place,,,Names a place outside Grace's 15 East Texas towns.
furniture restoration hardware catalog,20,28,DIY or product,Other business or brand,,,"Another company's name or a brand: searchers want that business, not Grace."
furniture restoration in my area,20,23,Other place,Service,/furniture-repair/,supporting,
furniture restoration knoxville tn,20,21,Other place,Other place,,,Names a place outside Grace's 15 East Texas towns.
furniture restoration lincoln ne,20,10,Other place,Other place,,,Names a place outside Grace's 15 East Texas towns.
furniture restoration little rock,20,10,Other place,Other place,,,Names a place outside Grace's 15 East Texas towns.
furniture restoration maryland,20,15,Service (no place),Other place,,,Names a place outside Grace's 15 East Texas towns.
furniture restoration oakland,20,26,Other place,Other place,,,Names a place outside Grace's 15 East Texas towns.
furniture restoration shops near me,20,22,Other place,Service near me,/furniture-repair/,supporting,
furniture restoration tips,20,19,Service (no place),DIY or product,,,"Do-it-yourself how-to: the plan does not publish step-by-step DIY repair, power-tool or structural instructions; pages answer the question and say when to call."
furniture restoration vancouver wa,20,24,Other place,Other place,,,Names a place outside Grace's 15 East Texas towns.
furniture restoration west chester pa,20,13,Other place,Other place,,,Names a place outside Grace's 15 East Texas towns.
furniture restoration westchester ny,20,18,Other place,Other place,,,Names a place outside Grace's 15 East Texas towns.
how carpenter bees drill holes,20,5,Off-topic,Off-topic,,,Sheet verdict kept: not woodwork Grace does.
how is cabinet refacing done,20,21,Question,Question,/custom-cabinets/what-is-cabinet-refacing/,supporting,
how long carpenter bees live,20,5,Off-topic,Off-topic,,,Sheet verdict kept: not woodwork Grace does.
how long do custom cabinets take to make,20,5,Question,Service,/custom-cabinets/,supporting,
how much cabinet paint do i need,20,18,Question,DIY or product,,,"A product, tool or material for doing it yourself: product pages win these, not a shop."
how much carpenter charge per hour,20,9,Off-topic,Off-topic,,,Sheet verdict kept: not woodwork Grace does.
how much do custom furniture makers make,20,5,Question,DIY or product,,,"Hobby woodworking shops, tools or the business of woodworking: not a customer looking for a shop to hire."
how much does furniture restoration cost,20,12,Question,Question,/furniture-repair/furniture-refinishing-cost/,supporting,
how much does it cost to refinish wood furniture,20,6,Question,Question,/furniture-repair/furniture-refinishing-cost/,supporting,
how often should you get a new office chair,20,17,Off-topic,Off-topic,,,"Upholstery, leather, mechanisms or covers: not a service Grace has confirmed."
how often to replace furniture,20,8,Question,Question,/furniture-repair/,supporting,
how to make custom furniture,20,24,Question,DIY or product,,,"Do-it-yourself how-to: the plan does not publish step-by-step DIY repair, power-tool or structural instructions; pages answer the question and say when to call."
how to repair chair upholstery,20,11,Question,Off-topic,,,"Upholstery, leather, mechanisms or covers: not a service Grace has confirmed."
how to repair deck steps,20,9,Question,DIY or product,,,"Do-it-yourself how-to: the plan does not publish step-by-step DIY repair, power-tool or structural instructions; pages answer the question and say when to call."
how to sell custom furniture,20,6,Question,DIY or product,,,"Hobby woodworking shops, tools or the business of woodworking: not a customer looking for a shop to hire."
how to set up a small woodworking shop,20,16,Question,DIY or product,,,"Hobby woodworking shops, tools or the business of woodworking: not a customer looking for a shop to hire."
is cabinet refacing worth the money,20,5,Question,Question,/custom-cabinets/what-is-cabinet-refacing/,supporting,
is furniture restoration profitable,20,5,Question,DIY or product,,,"Hobby woodworking shops, tools or the business of woodworking: not a customer looking for a shop to hire."
is refacing cabinets cheaper than replacing,20,20,Question,Question,/custom-cabinets/what-is-cabinet-refacing/,supporting,
is woodworking expensive,20,13,Question,DIY or product,,,"Hobby woodworking shops, tools or the business of woodworking: not a customer looking for a shop to hire."
kilgore id 83423,20,13,East Texas,Other place,,,Names a place outside Grace's 15 East Texas towns.
kilgore tx 75663,20,14,East Texas,Off-topic,,,Off-topic or noise: not a search for woodwork Grace does.
kitchen cabinets 30 inches high,20,36,DIY or product,DIY or product,,,"Shopping for stock kitchen cabinets, hardware or design ideas: retailers and showrooms own these; Grace builds and refinishes, it does not sell stock lines."
kitchen cabinets 3d model free download,20,14,DIY or product,DIY or product,,,Sheet verdict kept: a product or do-it-yourself search.
kitchen cabinets jackson mi,20,30,Other place,Other place,,,Names a place outside Grace's 15 East Texas towns.
kitchen cabinets yakima,20,37,DIY or product,Other place,,,Names a place outside Grace's 15 East Texas towns.
kitchen cabinets york,20,41,DIY or product,Other place,,,Names a place outside Grace's 15 East Texas towns.
kitchen cabinets you put together,20,21,DIY or product,DIY or product,,,Sheet verdict kept: a product or do-it-yourself search.
paint cabinets yourself,20,33,Service (no place),DIY or product,,,"A product, tool or material for doing it yourself: product pages win these, not a shop."
porch repair st louis,20,33,Other place,Other place,,,Names a place outside Grace's 15 East Texas towns.
porch repairs for seniors,20,27,Service (no place),Service,/porch-repair/,supporting,
porch roof repair cost,20,19,Service (no place),Off-topic,,,"Screens, masonry, roofing or full replacement: outside the porch and deck repair Grace confirmed."
refacing cabinets yourself,20,42,Service (no place),DIY or product,,,"Do-it-yourself how-to: the plan does not publish step-by-step DIY repair, power-tool or structural instructions; pages answer the question and say when to call."
restore wood furniture products,20,36,DIY or product,DIY or product,,,"A product, tool or material for doing it yourself: product pages win these, not a shop."
seat repair patch,20,44,Service (no place),Off-topic,,,"Upholstery, leather, mechanisms or covers: not a service Grace has confirmed."
street sign maker near me,20,33,Other place,DIY or product,,,"Online or mass-produced custom products, or materials Grace does not work in (glass, metal, granite, laser-cut, lighted signs)."
table repair shop near me,20,23,Other place,Service near me,/furniture-repair/table-refinishing/,supporting,
what is a good size for a woodworking shop,20,7,Question,DIY or product,,,"Hobby woodworking shops, tools or the business of woodworking: not a customer looking for a shop to hire."
what is custom cabinetry,20,13,Question,Service,/custom-cabinets/,supporting,
what kitchen cabinet colors are trending,20,36,Question,DIY or product,,,"Shopping for stock kitchen cabinets, hardware or design ideas: retailers and showrooms own these; Grace builds and refinishes, it does not sell stock lines."
what kitchen cabinets are in style now,20,33,Other place,Other place,,,Names a place outside Grace's 15 East Texas towns.
what woodworking items sell the best,20,22,Question,DIY or product,,,"Hobby woodworking shops, tools or the business of woodworking: not a customer looking for a shop to hire."
when painting cabinets what about inside,20,14,Question,Service,/custom-cabinets/cabinet-painting/,supporting,
when to replace kitchen cabinets,20,19,Question,DIY or product,,,"Shopping for stock kitchen cabinets, hardware or design ideas: retailers and showrooms own these; Grace builds and refinishes, it does not sell stock lines."
where are kitchen cabinets made,20,24,Question,DIY or product,,,"Shopping for stock kitchen cabinets, hardware or design ideas: retailers and showrooms own these; Grace builds and refinishes, it does not sell stock lines."
where can i get a chair recaned near me,20,12,Other place,Service near me,/furniture-repair/chair-caning-and-repair/,supporting,
where can i get custom wood cuts,20,27,Question,DIY or product,,,"Online or mass-produced custom products, or materials Grace does not work in (glass, metal, granite, laser-cut, lighted signs)."
where can i get my furniture refinished,20,34,Question,Service,/furniture-repair/furniture-refinishing/,supporting,
where to buy cabinet paint,20,30,Question,DIY or product,,,"A product, tool or material for doing it yourself: product pages win these, not a shop."
where to buy chair caning supplies,20,20,Question,DIY or product,,,"A product, tool or material for doing it yourself: product pages win these, not a shop."
where to buy kitchen storage cabinets,20,48,Question,DIY or product,,,"Shopping for stock kitchen cabinets, hardware or design ideas: retailers and showrooms own these; Grace builds and refinishes, it does not sell stock lines."
where to get custom furniture made,20,30,Question,Service,/custom-furniture/,supporting,
where to repair furniture near me,20,27,Other place,Service near me,/furniture-repair/,supporting,
where to sell custom furniture,20,17,Question,DIY or product,,,"Hobby woodworking shops, tools or the business of woodworking: not a customer looking for a shop to hire."
where to sell woodworking tools,20,17,Question,DIY or product,,,"Hobby woodworking shops, tools or the business of woodworking: not a customer looking for a shop to hire."
which carpenter ants have wings,20,33,Off-topic,Off-topic,,,Sheet verdict kept: not woodwork Grace does.
which kitchen cabinets are best,20,23,Question,DIY or product,,,"Shopping for stock kitchen cabinets, hardware or design ideas: retailers and showrooms own these; Grace builds and refinishes, it does not sell stock lines."
who does cabinet refacing,20,31,Question,Service,/custom-cabinets/cabinet-refacing/,supporting,
who fixes furniture,20,26,Question,Service,/furniture-repair/,supporting,
who made furniture,20,42,Question,Off-topic,,,Off-topic or noise: not a search for woodwork Grace does.
who makes furniture for restoration hardware,20,32,Question,Other business or brand,,,"Another company's name or a brand: searchers want that business, not Grace."
who repair furniture,20,35,Question,Service,/furniture-repair/,supporting,
who repairs furniture near me,20,25,Other place,Service near me,/furniture-repair/,supporting,
who sale kitchen cabinet doors,20,53,Question,DIY or product,,,"Shopping for stock kitchen cabinets, hardware or design ideas: retailers and showrooms own these; Grace builds and refinishes, it does not sell stock lines."
who's christina carpenter in scream,20,5,Off-topic,Off-topic,,,Sheet verdict kept: not woodwork Grace does.
who's sabrina carpenter's aunt,20,5,Off-topic,Off-topic,,,Sheet verdict kept: not woodwork Grace does.
who's sabrina carpenter's best friend,20,29,Off-topic,Off-topic,,,Sheet verdict kept: not woodwork Grace does.
why carpenter ants in house,20,26,Off-topic,Off-topic,,,Sheet verdict kept: not woodwork Grace does.
wood furniture finish repair,20,35,Service (no place),Service,/furniture-repair/furniture-refinishing/,supporting,
wood furniture refinishing ideas,20,10,DIY or product,DIY or product,,,"Do-it-yourself how-to: the plan does not publish step-by-step DIY repair, power-tool or structural instructions; pages answer the question and say when to call."
wood furniture repair atlanta,20,24,Other place,Other place,,,Names a place outside Grace's 15 East Texas towns.
wood furniture repair austin,20,23,Other place,Other place,,,Names a place outside Grace's 15 East Texas towns.
wood furniture repair brooklyn,20,13,Other place,Other place,,,Names a place outside Grace's 15 East Texas towns.
wood furniture repair charlotte nc,20,25,Other place,Other place,,,Names a place outside Grace's 15 East Texas towns.
wood furniture repair cost,20,24,Service (no place),Question,/furniture-repair/furniture-refinishing-cost/,supporting,
wood furniture repair kit home depot,20,26,Off-topic,Other business or brand,,,"Another company's name or a brand: searchers want that business, not Grace."
wood furniture repair los angeles,20,24,Other place,Other place,,,Names a place outside Grace's 15 East Texas towns.
wood furniture repair putty,20,28,Service (no place),DIY or product,,,"A product, tool or material for doing it yourself: product pages win these, not a shop."
wood furniture repair singapore,20,21,Other place,Other place,,,Names a place outside Grace's 15 East Texas towns.
wood furniture repair tucson,20,21,Other place,Other place,,,Names a place outside Grace's 15 East Texas towns.
wood furniture restoration diy,20,24,DIY or product,DIY or product,,,"Do-it-yourself how-to: the plan does not publish step-by-step DIY repair, power-tool or structural instructions; pages answer the question and say when to call."
wood shop utah,20,27,Service (no place),DIY or product,,,"Hobby woodworking shops, tools or the business of woodworking: not a customer looking for a shop to hire."
wood shop workbench plans,20,24,DIY or product,DIY or product,,,"Do-it-yourself how-to: the plan does not publish step-by-step DIY repair, power-tool or structural instructions; pages answer the question and say when to call."
woodshop diaries youtube,20,32,Off-topic,Off-topic,,,"Jobs, classes, videos, stairlifts or other searches that are not a customer hiring a woodwork shop."
woodworking shop boston,20,22,Other place,Other place,,,Names a place outside Grace's 15 East Texas towns.
woodworking shop for sale near me,20,22,Other place,DIY or product,,,"Hobby woodworking shops, tools or the business of woodworking: not a customer looking for a shop to hire."
woodworking shop hacks,20,25,Service (no place),DIY or product,,,"Hobby woodworking shops, tools or the business of woodworking: not a customer looking for a shop to hire."
woodworking shop hickory nc,20,28,Other place,Other place,,,Names a place outside Grace's 15 East Texas towns.
woodworking shop inc,20,14,Service (no place),Other business or brand,,,"Another company's name or a brand: searchers want that business, not Grace."
woodworking shop kansas city,20,32,Other place,Other place,,,Names a place outside Grace's 15 East Texas towns.
woodworking shop raleigh,20,17,Other place,Other place,,,Names a place outside Grace's 15 East Texas towns.
woodworking shop raleigh nc,20,23,Other place,Other place,,,Names a place outside Grace's 15 East Texas towns.
woodworking shop tools for sale,20,36,DIY or product,Off-topic,,,"Jobs, classes, videos, stairlifts or other searches that are not a customer hiring a woodwork shop."
woodworking shop videos,20,47,DIY or product,Off-topic,,,"Jobs, classes, videos, stairlifts or other searches that are not a customer hiring a woodwork shop."
12x20 woodworking shop,10,17,Service (no place),DIY or product,,,"Hobby woodworking shops, tools or the business of woodworking: not a customer looking for a shop to hire."
5 carpenter court chelsea,10,5,Off-topic,Off-topic,,,Sheet verdict kept: not woodwork Grace does.
8 carpenter street,10,13,Off-topic,Off-topic,,,Sheet verdict kept: not woodwork Grace does.
8 furniture,10,42,Service (no place),Other business or brand,,,"Another company's name or a brand: searchers want that business, not Grace."
80 carpenter street umina beach,10,5,Off-topic,Off-topic,,,Sheet verdict kept: not woodwork Grace does.
antique furniture finish restorer,10,35,DIY or product,Service,/furniture-repair/antique-furniture-restoration/,supporting,
antique furniture repair dallas,10,24,Other place,Other place,,,Names a place outside Grace's 15 East Texas towns.
antique furniture repair london,10,5,Other place,Other place,,,Names a place outside Grace's 15 East Texas towns.
antique furniture repair philadelphia,10,5,Other place,Other place,,,Names a place outside Grace's 15 East Texas towns.
antique furniture repair san francisco,10,9,Other place,Other place,,,Names a place outside Grace's 15 East Texas towns.
antique furniture repair toronto,10,5,Other place,Other place,,,Names a place outside Grace's 15 East Texas towns.
antique furniture restoration boston,10,17,Other place,Other place,,,Names a place outside Grace's 15 East Texas towns.
antique furniture restoration calgary,10,5,Other place,Other place,,,Names a place outside Grace's 15 East Texas towns.
antique furniture restoration colorado springs,10,10,Other place,Other place,,,Names a place outside Grace's 15 East Texas towns.
antique furniture restoration dc,10,5,Other place,Other place,,,Names a place outside Grace's 15 East Texas towns.
antique furniture restoration edinburgh,10,5,Service (no place),Other place,,,Names a place outside Grace's 15 East Texas towns.
antique furniture restoration ireland,10,5,Other place,Other place,,,Names a place outside Grace's 15 East Texas towns.
antique furniture restoration jobs,10,5,Off-topic,Off-topic,,,"Jobs, classes, videos, stairlifts or other searches that are not a customer hiring a woodwork shop."
antique furniture restoration kansas city,10,5,Other place,Other place,,,Names a place outside Grace's 15 East Texas towns.
antique furniture restoration london,10,5,Other place,Other place,,,Names a place outside Grace's 15 East Texas towns.
antique furniture restoration long island,10,5,Other place,Other place,,,Names a place outside Grace's 15 East Texas towns.
antique furniture restoration materials,10,18,Service (no place),DIY or product,,,"A product, tool or material for doing it yourself: product pages win these, not a shop."
antique furniture restoration nj,10,26,Other place,Other place,,,Names a place outside Grace's 15 East Texas towns.
antique furniture restoration portland oregon,10,5,Other place,Other place,,,Names a place outside Grace's 15 East Texas towns.
antique furniture restoration san antonio,10,12,Other place,Other place,,,Names a place outside Grace's 15 East Texas towns.
antique furniture restoration san francisco,10,5,Other place,Other place,,,Names a place outside Grace's 15 East Texas towns.
antique furniture restoration toronto,10,5,Other place,Other place,,,Names a place outside Grace's 15 East Texas towns.
antique furniture restoration uk,10,5,Other place,Other place,,,Names a place outside Grace's 15 East Texas towns.
antique furniture restoration vancouver,10,5,Other place,Other place,,,Names a place outside Grace's 15 East Texas towns.
antique furniture restoration youtube,10,5,Off-topic,Off-topic,,,"Jobs, classes, videos, stairlifts or other searches that are not a customer hiring a woodwork shop."
are cabinets to go expensive,10,31,Question,Other business or brand,,,"Another company's name or a brand: searchers want that business, not Grace."
are cabinets to go good,10,19,Question,Other business or brand,,,"Another company's name or a brand: searchers want that business, not Grace."
best cabinet paint uk,10,5,Other place,Other place,,,Names a place outside Grace's 15 East Texas towns.
broken furniture repair near me,10,14,Other place,Service near me,/furniture-repair/,supporting,
built in garage shelving ideas,10,36,Other place,DIY or product,,,"Do-it-yourself how-to: the plan does not publish step-by-step DIY repair, power-tool or structural instructions; pages answer the question and say when to call."
built in glass shelves,10,20,Other place,Service,/custom-cabinets/built-in-shelves/,supporting,
built in metal shelves,10,36,Other place,Service,/custom-cabinets/built-in-shelves/,supporting,
built in pantry shelves diy,10,36,Other place,DIY or product,,,"Do-it-yourself how-to: the plan does not publish step-by-step DIY repair, power-tool or structural instructions; pages answer the question and say when to call."
built in shelves around fireplace with windows,10,30,Other place,Service,/custom-cabinets/built-in-shelves/,supporting,
built in shelves bathroom wall,10,36,Other place,Service,/custom-cabinets/built-in-shelves/,supporting,
built in shelves bedroom wall,10,36,Other place,Service,/custom-cabinets/built-in-shelves/,supporting,
built in shelves chimney breast,10,5,Other place,Service,/custom-cabinets/built-in-shelves/,supporting,
built in shelves christmas decor,10,5,Other place,DIY or product,,,"Do-it-yourself how-to: the plan does not publish step-by-step DIY repair, power-tool or structural instructions; pages answer the question and say when to call."
built in shelves depth,10,10,Other place,Service,/custom-cabinets/built-in-shelves/,supporting,
built in shelves for dining room,10,35,Other place,Service,/custom-cabinets/built-in-shelves/,supporting,
built in shelves for garage,10,36,Other place,Service,/custom-cabinets/built-in-shelves/,supporting,
built in shelves for shower,10,36,Off-topic,Off-topic,,,"Jobs, classes, videos, stairlifts or other searches that are not a customer hiring a woodwork shop."
built in shelves for wall,10,36,Other place,Service,/custom-cabinets/built-in-shelves/,supporting,
built in shelves half wall,10,10,Other place,Service,/custom-cabinets/built-in-shelves/,supporting,
built in shelves living room decor,10,36,Other place,DIY or product,,,"Do-it-yourself how-to: the plan does not publish step-by-step DIY repair, power-tool or structural instructions; pages answer the question and say when to call."
built in shelves living room diy,10,36,Other place,DIY or product,,,"Do-it-yourself how-to: the plan does not publish step-by-step DIY repair, power-tool or structural instructions; pages answer the question and say when to call."
built in shelves living room with tv,10,36,Off-topic,Service,/custom-cabinets/built-in-shelves/,supporting,
built in shelves next to shower,10,33,Off-topic,Off-topic,,,"Jobs, classes, videos, stairlifts or other searches that are not a customer hiring a woodwork shop."
built in shelves paint ideas,10,5,Other place,DIY or product,,,"Do-it-yourself how-to: the plan does not publish step-by-step DIY repair, power-tool or structural instructions; pages answer the question and say when to call."
built in shelves under tv,10,33,Off-topic,Service,/custom-cabinets/built-in-shelves/,supporting,
built in shelving units for living room,10,36,Other place,Service,/custom-cabinets/built-in-shelves/,supporting,
cabinet joint paint colors,10,6,Service (no place),DIY or product,,,"A product, tool or material for doing it yourself: product pages win these, not a shop."
cabinet paint bunnings,10,13,Service (no place),Other business or brand,,,"Another company's name or a brand: searchers want that business, not Grace."
cabinet paint from home depot,10,36,Off-topic,Other business or brand,,,"Another company's name or a brand: searchers want that business, not Grace."
cabinet paint home hardware,10,5,DIY or product,DIY or product,,,Sheet verdict kept: a product or do-it-yourself search.
cabinet paint kit nuvo,10,36,DIY or product,DIY or product,,,"A product, tool or material for doing it yourself: product pages win these, not a shop."
cabinet paint on walls,10,20,Service (no place),DIY or product,,,"A product, tool or material for doing it yourself: product pages win these, not a shop."
cabinet paint that requires no sanding,10,36,Service (no place),DIY or product,,,"A product, tool or material for doing it yourself: product pages win these, not a shop."
cabinet paint uk,10,13,Other place,Other place,,,Names a place outside Grace's 15 East Texas towns.
cabinet paint water based,10,27,Service (no place),DIY or product,,,"A product, tool or material for doing it yourself: product pages win these, not a shop."
cabinet painters greenville sc,10,36,Other place,Other place,,,Names a place outside Grace's 15 East Texas towns.
cabinet painting barrie,10,13,Service (no place),Other place,,,Names a place outside Grace's 15 East Texas towns.
cabinet painting greenville sc,10,36,Other place,Other place,,,Names a place outside Grace's 15 East Texas towns.
cabinet painting hooks,10,44,Service (no place),DIY or product,,,"A product, tool or material for doing it yourself: product pages win these, not a shop."
cabinet painting jupiter,10,41,Service (no place),Other place,,,Names a place outside Grace's 15 East Texas towns.
cabinet painting london ontario,10,5,Other place,Other place,,,Names a place outside Grace's 15 East Texas towns.
cabinet painting mississauga,10,13,Service (no place),Other place,,,Names a place outside Grace's 15 East Texas towns.
cabinet painting toronto,10,13,Other place,Other place,,,Names a place outside Grace's 15 East Texas towns.
cabinet painting vancouver reviews,10,5,Other place,Other place,,,Names a place outside Grace's 15 East Texas towns.
cabinet painting victoria,10,13,Service (no place),Other place,,,Names a place outside Grace's 15 East Texas towns.
cabinet painting winnipeg,10,13,Service (no place),Other place,,,Names a place outside Grace's 15 East Texas towns.
cabinet refacing diy supplies,10,36,DIY or product,DIY or product,,,"A product, tool or material for doing it yourself: product pages win these, not a shop."
cabinet refacing matthews nc,10,26,Other place,Other place,,,Names a place outside Grace's 15 East Texas towns.
cabinet refacing mn,10,13,Other place,Other place,,,Names a place outside Grace's 15 East Texas towns.
cabinet refacing northern virginia,10,21,Service (no place),Other place,,,Names a place outside Grace's 15 East Texas towns.
cabinet refacing tampa fl,10,22,Other place,Other place,,,Names a place outside Grace's 15 East Texas towns.
cabinet x paint,10,44,Service (no place),Other business or brand,,,"Another company's name or a brand: searchers want that business, not Grace."
cabinet xr,10,18,Service (no place),Other business or brand,,,"Another company's name or a brand: searchers want that business, not Grace."
cabinets killeen tx,10,44,Other place,Other place,,,Names a place outside Grace's 15 East Texas towns.
cabinets to go texas,10,12,Service (no place),Other business or brand,,,"Another company's name or a brand: searchers want that business, not Grace."
caleb kilby kilgore tx,10,5,East Texas,Off-topic,,,Off-topic or noise: not a search for woodwork Grace does.
cameron kilgore tx,10,13,East Texas,Off-topic,,,Off-topic or noise: not a search for woodwork Grace does.
can built in cabinets be moved,10,5,Other place,Service,/custom-cabinets/built-in-shelves/,supporting,
can carpenter bees be all black,10,5,Off-topic,Off-topic,,,Sheet verdict kept: not woodwork Grace does.
can chair repair,10,19,Question,Service,/furniture-repair/chair-caning-and-repair/,supporting,
cane chair 2 seater,10,36,Service (no place),DIY or product,,,"Shopping for a new or project piece, not for repair."
cane chair 3d warehouse,10,5,Service (no place),DIY or product,,,"Shopping for a new or project piece, not for repair."
cane chair bunnings,10,44,Service (no place),Other business or brand,,,"Another company's name or a brand: searchers want that business, not Grace."
cane chair disney world,10,5,Service (no place),Other business or brand,,,"Another company's name or a brand: searchers want that business, not Grace."
cane chair for office,10,5,Service (no place),DIY or product,,,"Shopping for a new or project piece, not for repair."
cane chair nz,10,13,Service (no place),DIY or product,,,"Shopping for a new or project piece, not for repair."
cane chair online,10,13,Service (no place),DIY or product,,,"Shopping for a new or project piece, not for repair."
cane chair outdoor setting,10,5,Service (no place),DIY or product,,,"Shopping for a new or project piece, not for repair."
cane chair price in sri lanka,10,36,Other place,Other place,,,Names a place outside Grace's 15 East Texas towns.
cane chair table set,10,36,Service (no place),DIY or product,,,"Shopping for a new or project piece, not for repair."
cane chair used,10,44,DIY or product,Off-topic,,,"Jobs, classes, videos, stairlifts or other searches that are not a customer hiring a woodwork shop."
cane chairs ghana,10,13,Service (no place),DIY or product,,,"Shopping for a new or project piece, not for repair."
cane furniture repair bangalore,10,5,Other place,Other place,,,Names a place outside Grace's 15 East Texas towns.
carpenter 20 pipe,10,31,Off-topic,Off-topic,,,Sheet verdict kept: not woodwork Grace does.
carpenter 21 singapore,10,13,Off-topic,Other place,,,Names a place outside Grace's 15 East Texas towns.
carpenter 29,10,18,Off-topic,Off-topic,,,Sheet verdict kept: not woodwork Grace does.
carpenter 3 4 5 rule,10,5,Off-topic,Off-topic,,,Sheet verdict kept: not woodwork Grace does.
carpenter 3d,10,18,Off-topic,Off-topic,,,Sheet verdict kept: not woodwork Grace does.
carpenter 6 letters,10,13,Off-topic,Off-topic,,,Sheet verdict kept: not woodwork Grace does.
carpenter union saw horses,10,28,Off-topic,Off-topic,,,"Jobs, classes, videos, stairlifts or other searches that are not a customer hiring a woodwork shop."
carpenter zombies sound,10,13,Off-topic,Off-topic,,,Sheet verdict kept: not woodwork Grace does.
carpentry xp calculator,10,13,Service (no place),Other business or brand,,,"Another company's name or a brand: searchers want that business, not Grace."
chair caning baltimore,10,13,Other place,Other place,,,Names a place outside Grace's 15 East Texas towns.
chair caning book,10,40,Service (no place),DIY or product,,,"A product, tool or material for doing it yourself: product pages win these, not a shop."
chair caning directions,10,18,Service (no place),DIY or product,,,"Do-it-yourself how-to: the plan does not publish step-by-step DIY repair, power-tool or structural instructions; pages answer the question and say when to call."
chair caning long island,10,10,Other place,Other place,,,Names a place outside Grace's 15 East Texas towns.
chair caning louisville ky,10,5,Other place,Other place,,,Names a place outside Grace's 15 East Texas towns.
chair caning minneapolis,10,21,Other place,Other place,,,Names a place outside Grace's 15 East Texas towns.
chair caning new hampshire,10,5,Service (no place),Other place,,,Names a place outside Grace's 15 East Texas towns.
chair caning ottawa,10,13,Other place,Other place,,,Names a place outside Grace's 15 East Texas towns.
chair caning peabody ma,10,5,Other place,Other place,,,Names a place outside Grace's 15 East Texas towns.
chair caning portland maine,10,12,Other place,Other place,,,Names a place outside Grace's 15 East Texas towns.
chair caning products,10,44,DIY or product,DIY or product,,,"A product, tool or material for doing it yourself: product pages win these, not a shop."
chair caning repair near me prices,10,11,Other place,Service near me,/furniture-repair/chair-caning-and-repair/,supporting,
chair caning rochester ny,10,10,Other place,Other place,,,Names a place outside Grace's 15 East Texas towns.
chair caning supplies canada,10,5,Other place,Other place,,,Names a place outside Grace's 15 East Texas towns.
chair caning supplies uk,10,5,Other place,Other place,,,Names a place outside Grace's 15 East Texas towns.
chair cover repair near me,10,23,Other place,Off-topic,,,"Upholstery, leather, mechanisms or covers: not a service Grace has confirmed."
chair jack repair,10,22,Service (no place),Off-topic,,,"Upholstery, leather, mechanisms or covers: not a service Grace has confirmed."
chair lift repair companies,10,28,Off-topic,Off-topic,,,"Jobs, classes, videos, stairlifts or other searches that are not a customer hiring a woodwork shop."
chair office repair near me,10,5,Other place,Off-topic,,,"Upholstery, leather, mechanisms or covers: not a service Grace has confirmed."
chair repair & services near me,10,5,Other place,Service near me,/furniture-repair/chair-caning-and-repair/,supporting,
chair repair at home near me,10,5,Other place,Service near me,,,In-home repair: Grace works in its Kilgore shop and has not confirmed on-site furniture repair.
chair repair dubai,10,13,Other place,Other place,,,Names a place outside Grace's 15 East Texas towns.
chair repair guys,10,13,Service (no place),Service,/furniture-repair/chair-caning-and-repair/,supporting,
chair repair home service,10,5,Service (no place),Service,,,In-home repair: Grace works in its Kilgore shop and has not confirmed on-site furniture repair.
chair repair london,10,17,Other place,Other place,,,Names a place outside Grace's 15 East Texas towns.
chair repair melbourne,10,13,Other place,Other place,,,Names a place outside Grace's 15 East Texas towns.
chair repair perth,10,13,Other place,Other place,,,Names a place outside Grace's 15 East Texas towns.
chair repair price,10,18,Service (no place),Service,/furniture-repair/chair-caning-and-repair/,supporting,
chair repair vancouver,10,13,Other place,Other place,,,Names a place outside Grace's 15 East Texas towns.
chair repair work,10,44,Service (no place),Service,/furniture-repair/chair-caning-and-repair/,supporting,
chair webbing repair near me,10,18,Other place,Off-topic,,,"Upholstery, leather, mechanisms or covers: not a service Grace has confirmed."
custom cabinets china,10,44,Service (no place),Other place,,,Names a place outside Grace's 15 East Texas towns.
custom cabinets etobicoke,10,13,Service (no place),Other place,,,Names a place outside Grace's 15 East Texas towns.
custom cabinets gold coast,10,5,Service (no place),Other place,,,Names a place outside Grace's 15 East Texas towns.
custom cabinets greenville ms,10,13,Other place,Other place,,,Names a place outside Grace's 15 East Texas towns.
custom cabinets halifax,10,13,Service (no place),Other place,,,Names a place outside Grace's 15 East Texas towns.
custom cabinets hobart,10,13,Service (no place),Other place,,,Names a place outside Grace's 15 East Texas towns.
custom cabinets holland mi,10,33,Other place,Other place,,,Names a place outside Grace's 15 East Texas towns.
custom cabinets huntington beach,10,36,Service (no place),Other place,,,Names a place outside Grace's 15 East Texas towns.
custom cabinets jupiter,10,38,Service (no place),Other place,,,Names a place outside Grace's 15 East Texas towns.
custom cabinets kelowna,10,24,Service (no place),Other place,,,Names a place outside Grace's 15 East Texas towns.
custom cabinets kingston,10,13,Service (no place),Other place,,,Names a place outside Grace's 15 East Texas towns.
custom cabinets kitchen cost,10,23,DIY or product,Service,/custom-cabinets/,supporting,
custom cabinets longview tx,10,22,East Texas,East Texas,/custom-cabinets/longview-tx.html,supporting,
custom cabinets quad cities,10,36,Service (no place),Other place,,,Names a place outside Grace's 15 East Texas towns.
custom cabinets the woodlands,10,24,Other place,Other place,,,Names a place outside Grace's 15 East Texas towns.
custom cabinets utah county,10,35,Service (no place),Other place,,,Names a place outside Grace's 15 East Texas towns.
custom decor dining table,10,5,Service (no place),DIY or product,,,"Do-it-yourself how-to: the plan does not publish step-by-step DIY repair, power-tool or structural instructions; pages answer the question and say when to call."
custom dining table australia,10,5,Other place,Other place,,,Names a place outside Grace's 15 East Texas towns.
custom dining table vancouver,10,5,Other place,Other place,,,Names a place outside Grace's 15 East Texas towns.
custom dining tables massachusetts,10,32,Service (no place),Other place,,,Names a place outside Grace's 15 East Texas towns.
custom furniture abu dhabi,10,5,Service (no place),DIY or product,,,"Online or mass-produced custom products, or materials Grace does not work in (glass, metal, granite, laser-cut, lighted signs)."
custom furniture australia,10,13,Other place,Other place,,,Names a place outside Grace's 15 East Texas towns.
custom furniture birmingham al,10,36,Other place,Other place,,,Names a place outside Grace's 15 East Texas towns.
custom furniture hawaii,10,44,Service (no place),Other place,,,Names a place outside Grace's 15 East Texas towns.
custom furniture honolulu,10,44,Other place,Other place,,,Names a place outside Grace's 15 East Texas towns.
custom furniture indonesia,10,13,Service (no place),DIY or product,,,"Online or mass-produced custom products, or materials Grace does not work in (glass, metal, granite, laser-cut, lighted signs)."
custom furniture interior,10,13,Service (no place),DIY or product,,,"Online or mass-produced custom products, or materials Grace does not work in (glass, metal, granite, laser-cut, lighted signs)."
custom furniture ireland,10,13,Other place,Other place,,,Names a place outside Grace's 15 East Texas towns.
custom furniture kelowna,10,13,Service (no place),Other place,,,Names a place outside Grace's 15 East Texas towns.
custom furniture kitchener,10,13,DIY or product,Off-topic,,,"Jobs, classes, videos, stairlifts or other searches that are not a customer hiring a woodwork shop."
custom furniture lahore,10,13,Other place,Other place,,,Names a place outside Grace's 15 East Texas towns.
custom furniture london ontario,10,5,Other place,Other place,,,Names a place outside Grace's 15 East Texas towns.
custom furniture mod stardew valley,10,5,Service (no place),Other business or brand,,,"Another company's name or a brand: searchers want that business, not Grace."
custom furniture nz,10,13,Service (no place),Other place,,,Names a place outside Grace's 15 East Texas towns.
custom furniture oahu,10,43,Service (no place),Other place,,,Names a place outside Grace's 15 East Texas towns.
custom furniture oakville,10,13,Service (no place),Other place,,,Names a place outside Grace's 15 East Texas towns.
custom furniture online jaipur,10,5,Service (no place),DIY or product,,,"Online or mass-produced custom products, or materials Grace does not work in (glass, metal, granite, laser-cut, lighted signs)."
custom furniture pennsylvania,10,38,Service (no place),Other place,,,Names a place outside Grace's 15 East Texas towns.
custom furniture perth,10,13,Other place,Other place,,,Names a place outside Grace's 15 East Texas towns.
custom furniture quote,10,13,Service (no place),Service,/custom-furniture/,supporting,
custom furniture tyler tx,10,33,East Texas,Off-topic,,,Off-topic or noise: not a search for woodwork Grace does.
custom furniture vancouver island,10,5,Other place,Other place,,,Names a place outside Grace's 15 East Texas towns.
custom furniture victoria,10,13,Service (no place),Other place,,,Names a place outside Grace's 15 East Texas towns.
custom furniture winnipeg,10,13,Service (no place),Other place,,,Names a place outside Grace's 15 East Texas towns.
custom furniture york,10,35,Service (no place),Other place,,,Names a place outside Grace's 15 East Texas towns.
custom kitchen work table,10,36,DIY or product,DIY or product,,,Sheet verdict kept: a product or do-it-yourself search.
custom made dining table uk,10,5,Other place,Other place,,,Names a place outside Grace's 15 East Texas towns.
custom made dining tables ireland,10,5,Other place,Other place,,,Names a place outside Grace's 15 East Texas towns.
custom signs texas,10,13,Service (no place),Service,/custom-signs/,supporting,
custom signs tyler tx,10,27,East Texas,East Texas,/custom-signs/tyler-tx.html,supporting,
custom upholstered furniture makers near me,10,36,Other place,Off-topic,,,"Upholstery, leather, mechanisms or covers: not a service Grace has confirmed."
custom wood block signs,10,36,Service (no place),Service,/custom-signs/,supporting,
custom wood cottage signs,10,36,Service (no place),Service,/custom-signs/,supporting,
custom wood plaques military,10,36,Service (no place),DIY or product,,,"Online or mass-produced custom products, or materials Grace does not work in (glass, metal, granite, laser-cut, lighted signs)."
custom wood side table,10,36,Service (no place),Service,/custom-furniture/,supporting,
custom wood signs london ontario,10,5,Other place,Other place,,,Names a place outside Grace's 15 East Texas towns.
custom wood signs utah,10,5,Service (no place),Other place,,,Names a place outside Grace's 15 East Texas towns.
custom wood signs vancouver,10,5,Other place,Other place,,,Names a place outside Grace's 15 East Texas towns.
custom wood signs with preview,10,36,Service (no place),DIY or product,,,"Online or mass-produced custom products, or materials Grace does not work in (glass, metal, granite, laser-cut, lighted signs)."
custom wood slab signs,10,5,Service (no place),Service,/custom-signs/,supporting,
custom wood table design,10,5,Service (no place),Service,/custom-furniture/custom-dining-tables/,supporting,
custom wood table top singapore,10,5,Other place,Other place,,,Names a place outside Grace's 15 East Texas towns.
custom wood word signs,10,36,Service (no place),Service,/custom-signs/,supporting,
custom wooden street signs,10,36,Service (no place),Service,/custom-signs/,supporting,
custom wooden wall signs,10,36,Service (no place),Service,/custom-signs/,supporting,
deck maintenance video,10,13,DIY or product,Off-topic,,,"Jobs, classes, videos, stairlifts or other searches that are not a customer hiring a woodwork shop."
deck repair belleville il,10,12,Other place,Other place,,,Names a place outside Grace's 15 East Texas towns.
deck repair brisbane,10,39,Other place,Other place,,,Names a place outside Grace's 15 East Texas towns.
deck repair burlington,10,13,Service (no place),Other place,,,Names a place outside Grace's 15 East Texas towns.
deck repair calgary,10,36,Other place,Other place,,,Names a place outside Grace's 15 East Texas towns.
deck repair downers grove,10,28,Service (no place),Other place,,,Names a place outside Grace's 15 East Texas towns.
deck repair fargo,10,36,Other place,Other place,,,Names a place outside Grace's 15 East Texas towns.
deck repair filler,10,38,DIY or product,DIY or product,,,"A product, tool or material for doing it yourself: product pages win these, not a shop."
deck repair free estimate,10,36,Service (no place),Service,,,"Grace has not confirmed free estimates, and the site does not use the phrase."
deck repair georgetown ky,10,34,Other place,Other place,,,Names a place outside Grace's 15 East Texas towns.
deck repair gold coast,10,5,Service (no place),Other place,,,Names a place outside Grace's 15 East Texas towns.
deck repair green bay,10,36,Service (no place),Other place,,,Names a place outside Grace's 15 East Texas towns.
deck repair halifax,10,13,Service (no place),Other place,,,Names a place outside Grace's 15 East Texas towns.
deck repair hamilton,10,27,Service (no place),Other place,,,Names a place outside Grace's 15 East Texas towns.
deck repair jefferson city mo,10,30,Other place,Other place,,,Names a place outside Grace's 15 East Texas towns.
deck repair labor cost,10,14,Service (no place),Service,/deck-repair/,supporting,
deck repair lawrence ks,10,27,Other place,Other place,,,Names a place outside Grace's 15 East Texas towns.
deck repair manassas va,10,35,Other place,Other place,,,Names a place outside Grace's 15 East Texas towns.
deck repair melbourne,10,13,Other place,Other place,,,Names a place outside Grace's 15 East Texas towns.
deck repair montreal,10,13,Other place,Other place,,,Names a place outside Grace's 15 East Texas towns.
deck repair near me prices,10,32,Other place,Service near me,/deck-repair/,supporting,
deck repair nearby,10,41,Service (no place),Service,/deck-repair/,supporting,
deck repair north vancouver,10,5,Other place,Other place,,,Names a place outside Grace's 15 East Texas towns.
deck repair oakville,10,13,Service (no place),Other place,,,Names a place outside Grace's 15 East Texas towns.
deck repair options,10,21,Service (no place),Service,/deck-repair/,supporting,
deck repair ottawa,10,18,Other place,Other place,,,Names a place outside Grace's 15 East Texas towns.
deck repair parker co,10,35,Other place,Other place,,,Names a place outside Grace's 15 East Texas towns.
deck repair products,10,19,DIY or product,DIY or product,,,"A product, tool or material for doing it yourself: product pages win these, not a shop."
deck repair rochester mn,10,28,Other place,Other place,,,Names a place outside Grace's 15 East Texas towns.
deck repair toledo ohio,10,26,Other place,Other place,,,Names a place outside Grace's 15 East Texas towns.
deck repair toronto,10,19,Other place,Other place,,,Names a place outside Grace's 15 East Texas towns.
deck repair twin cities,10,36,Service (no place),Other place,,,Names a place outside Grace's 15 East Texas towns.
deck repair vancouver bc,10,5,Other place,Other place,,,Names a place outside Grace's 15 East Texas towns.
deck repair vaughan,10,13,Service (no place),Other place,,,Names a place outside Grace's 15 East Texas towns.
deck repair victoria,10,13,Service (no place),Other place,,,Names a place outside Grace's 15 East Texas towns.
deck repair vienna va,10,15,Other place,Other place,,,Names a place outside Grace's 15 East Texas towns.
deck repair winnipeg,10,44,Service (no place),Other place,,,Names a place outside Grace's 15 East Texas towns.
deck umbrella repair,10,13,Service (no place),Off-topic,,,"Screens, masonry, roofing or full replacement: outside the porch and deck repair Grace confirmed."
does kitchen cabinet exist in india,10,5,Other place,Other place,,,Names a place outside Grace's 15 East Texas towns.
fix broken furniture near me,10,23,Other place,Other place,,,Sheet verdict kept: names a place outside Grace's area.
furniture 51,10,18,Service (no place),Other business or brand,,,"Another company's name or a brand: searchers want that business, not Grace."
furniture 84,10,18,Service (no place),Other business or brand,,,"Another company's name or a brand: searchers want that business, not Grace."
furniture 87,10,23,Service (no place),Other business or brand,,,"Another company's name or a brand: searchers want that business, not Grace."
furniture custom you shop at ikea,10,5,Off-topic,Other business or brand,,,"Another company's name or a brand: searchers want that business, not Grace."
furniture refinishing augusta ga,10,11,Other place,Other place,,,Names a place outside Grace's 15 East Texas towns.
furniture refinishing brantford,10,13,Service (no place),Other place,,,Names a place outside Grace's 15 East Texas towns.
furniture refinishing calgary,10,13,Other place,Other place,,,Names a place outside Grace's 15 East Texas towns.
furniture refinishing durham region,10,5,Other place,Other place,,,Names a place outside Grace's 15 East Texas towns.
furniture refinishing edmonton,10,26,Other place,Other place,,,Names a place outside Grace's 15 East Texas towns.
furniture refinishing fort lauderdale,10,18,Other place,Other place,,,Names a place outside Grace's 15 East Texas towns.
furniture refinishing franklin tn,10,18,Other place,Other place,,,Names a place outside Grace's 15 East Texas towns.
furniture refinishing fredericksburg va,10,13,Other place,Other place,,,Names a place outside Grace's 15 East Texas towns.
furniture refinishing fredericton,10,13,Service (no place),Other place,,,Names a place outside Grace's 15 East Texas towns.
furniture refinishing halifax,10,13,Service (no place),Other place,,,Names a place outside Grace's 15 East Texas towns.
furniture refinishing hamilton,10,13,Service (no place),Other place,,,Names a place outside Grace's 15 East Texas towns.
furniture refinishing jackson ms,10,9,Other place,Other place,,,Names a place outside Grace's 15 East Texas towns.
furniture refinishing johnson city tn,10,12,Other place,Other place,,,Names a place outside Grace's 15 East Texas towns.
furniture refinishing kalamazoo,10,20,Service (no place),Other place,,,Names a place outside Grace's 15 East Texas towns.
furniture refinishing kamloops,10,13,Service (no place),Other place,,,Names a place outside Grace's 15 East Texas towns.
furniture refinishing kelowna,10,13,Service (no place),Other place,,,Names a place outside Grace's 15 East Texas towns.
furniture refinishing kitchener waterloo,10,10,DIY or product,Off-topic,,,"Jobs, classes, videos, stairlifts or other searches that are not a customer hiring a woodwork shop."
furniture refinishing lethbridge,10,13,Service (no place),Other place,,,Names a place outside Grace's 15 East Texas towns.
furniture refinishing little rock,10,11,Other place,Other place,,,Names a place outside Grace's 15 East Texas towns.
furniture refinishing london ontario,10,5,Other place,Other place,,,Names a place outside Grace's 15 East Texas towns.
furniture refinishing melbourne fl,10,10,Other place,Other place,,,Names a place outside Grace's 15 East Texas towns.
furniture refinishing mississauga,10,26,Service (no place),Other place,,,Names a place outside Grace's 15 East Texas towns.
furniture refinishing montreal,10,13,Other place,Other place,,,Names a place outside Grace's 15 East Texas towns.
furniture refinishing mooresville nc,10,25,Other place,Other place,,,Names a place outside Grace's 15 East Texas towns.
furniture refinishing morristown nj,10,26,Other place,Other place,,,Names a place outside Grace's 15 East Texas towns.
furniture refinishing near me prices,10,12,Other place,Service near me,/furniture-repair/furniture-refinishing/,supporting,
furniture refinishing newmarket,10,13,Service (no place),Other place,,,Names a place outside Grace's 15 East Texas towns.
furniture refinishing norwalk ct,10,20,Other place,Other place,,,Names a place outside Grace's 15 East Texas towns.
furniture refinishing price guide uk,10,5,Other place,Other place,,,Names a place outside Grace's 15 East Texas towns.
furniture refinishing regina,10,13,Service (no place),Other place,,,Names a place outside Grace's 15 East Texas towns.
furniture refinishing rockford il,10,6,Other place,Other place,,,Names a place outside Grace's 15 East Texas towns.
furniture refinishing thunder bay,10,5,Service (no place),Other place,,,Names a place outside Grace's 15 East Texas towns.
furniture refinishing utah,10,28,Service (no place),Other place,,,Names a place outside Grace's 15 East Texas towns.
furniture refinishing vancouver bc,10,9,Other place,Other place,,,Names a place outside Grace's 15 East Texas towns.
furniture refinishing victoria,10,15,Service (no place),Other place,,,Names a place outside Grace's 15 East Texas towns.
furniture refinishing west chester pa,10,14,Other place,Other place,,,Names a place outside Grace's 15 East Texas towns.
furniture refinishing windsor,10,13,Service (no place),Other place,,,Names a place outside Grace's 15 East Texas towns.
furniture refinishing winnipeg,10,13,Service (no place),Other place,,,Names a place outside Grace's 15 East Texas towns.
furniture repair & upholstery service,10,21,Service (no place),Off-topic,,,"Upholstery, leather, mechanisms or covers: not a service Grace has confirmed."
furniture repair 911,10,18,Service (no place),Other business or brand,,,"Another company's name or a brand: searchers want that business, not Grace."
furniture repair carpenter near me,10,30,Other place,Service near me,/furniture-repair/,supporting,
furniture repair culver city,10,31,Service (no place),Other place,,,Names a place outside Grace's 15 East Texas towns.
furniture repair dubai,10,13,Other place,Other place,,,Names a place outside Grace's 15 East Texas towns.
furniture repair edinburgh,10,13,Service (no place),Other place,,,Names a place outside Grace's 15 East Texas towns.
furniture repair encinitas,10,26,Service (no place),Other place,,,Names a place outside Grace's 15 East Texas towns.
furniture repair guy,10,37,Service (no place),Service,/furniture-repair/,supporting,
furniture repair holland mi,10,12,Other place,Other place,,,Names a place outside Grace's 15 East Texas towns.
furniture repair hsn code,10,5,Service (no place),Other business or brand,,,"Another company's name or a brand: searchers want that business, not Grace."
furniture repair jackson mi,10,13,Other place,Other place,,,Names a place outside Grace's 15 East Texas towns.
furniture repair kingsport tn,10,17,Other place,Other place,,,Names a place outside Grace's 15 East Texas towns.
furniture repair lawrence ks,10,8,Other place,Other place,,,Names a place outside Grace's 15 East Texas towns.
furniture repair markers near me,10,36,Other place,DIY or product,,,"A product, tool or material for doing it yourself: product pages win these, not a shop."
furniture repair on site,10,22,Service (no place),Service,,,In-home repair: Grace works in its Kilgore shop and has not confirmed on-site furniture repair.
furniture repair ottawa,10,13,Other place,Other place,,,Names a place outside Grace's 15 East Texas towns.
furniture repair qatar,10,13,Service (no place),Other place,,,Names a place outside Grace's 15 East Texas towns.
furniture repair regina,10,13,Service (no place),Other place,,,Names a place outside Grace's 15 East Texas towns.
furniture repair toronto,10,13,Other place,Other place,,,Names a place outside Grace's 15 East Texas towns.
furniture repair tyler texas,10,34,East Texas,East Texas,/furniture-repair/tyler-tx.html,supporting,
furniture repair vancouver,10,15,Other place,Other place,,,Names a place outside Grace's 15 East Texas towns.
furniture repair vaughan,10,13,Service (no place),Other place,,,Names a place outside Grace's 15 East Texas towns.
furniture repair victoria,10,16,Service (no place),Other place,,,Names a place outside Grace's 15 East Texas towns.
furniture repair west chester ohio,10,5,Service (no place),Other place,,,Names a place outside Grace's 15 East Texas towns.
furniture repair youngstown ohio,10,8,Service (no place),Other place,,,Names a place outside Grace's 15 East Texas towns.
furniture restoration center,10,21,Service (no place),Service,/furniture-repair/,supporting,
furniture restoration co,10,17,Other place,Other place,,,Names a place outside Grace's 15 East Texas towns.
furniture restoration east london,10,5,Other place,Other place,,,Names a place outside Grace's 15 East Texas towns.
furniture restoration equipment,10,44,Service (no place),DIY or product,,,"A product, tool or material for doing it yourself: product pages win these, not a shop."
furniture restoration fargo,10,16,Other place,Other place,,,Names a place outside Grace's 15 East Texas towns.
furniture restoration frederick md,10,15,Other place,Other place,,,Names a place outside Grace's 15 East Texas towns.
furniture restoration fresno,10,17,Other place,Other place,,,Names a place outside Grace's 15 East Texas towns.
furniture restoration glasgow,10,13,Other place,Other place,,,Names a place outside Grace's 15 East Texas towns.
furniture restoration halifax,10,13,Service (no place),Other place,,,Names a place outside Grace's 15 East Texas towns.
furniture restoration hastings,10,13,Service (no place),Other place,,,Names a place outside Grace's 15 East Texas towns.
furniture restoration inc,10,13,Service (no place),Other business or brand,,,"Another company's name or a brand: searchers want that business, not Grace."
furniture restoration ireland,10,13,Other place,Other place,,,Names a place outside Grace's 15 East Texas towns.
furniture restoration jersey city,10,34,Other place,Other place,,,Names a place outside Grace's 15 East Texas towns.
furniture restoration jobs london,10,5,Off-topic,Off-topic,,,"Jobs, classes, videos, stairlifts or other searches that are not a customer hiring a woodwork shop."
furniture restoration johannesburg,10,13,Service (no place),Other place,,,Names a place outside Grace's 15 East Texas towns.
furniture restoration kent,10,28,Service (no place),Other place,,,Names a place outside Grace's 15 East Texas towns.
furniture restoration kildare,10,13,Service (no place),Other place,,,Names a place outside Grace's 15 East Texas towns.
furniture restoration lafayette la,10,16,Other place,Other place,,,Names a place outside Grace's 15 East Texas towns.
furniture restoration liverpool,10,16,Service (no place),Other place,,,Names a place outside Grace's 15 East Texas towns.
furniture restoration maine,10,20,Service (no place),Other place,,,Names a place outside Grace's 15 East Texas towns.
furniture restoration mesa az,10,25,Other place,Other place,,,Names a place outside Grace's 15 East Texas towns.
furniture restoration naples fl,10,12,Other place,Other place,,,Names a place outside Grace's 15 East Texas towns.
furniture restoration newcastle,10,13,Service (no place),Other place,,,Names a place outside Grace's 15 East Texas towns.
furniture restoration oxford,10,13,Service (no place),Other place,,,Names a place outside Grace's 15 East Texas towns.
furniture restoration parts,10,44,DIY or product,DIY or product,,,"A product, tool or material for doing it yourself: product pages win these, not a shop."
furniture restoration quotes,10,13,Service (no place),Question,/furniture-repair/furniture-refinishing-cost/,supporting,
furniture restoration training,10,14,Service (no place),DIY or product,,,"Hobby woodworking shops, tools or the business of woodworking: not a customer looking for a shop to hire."
furniture restoration uk,10,13,Other place,Other place,,,Names a place outside Grace's 15 East Texas towns.
furniture restoration vancouver,10,31,Other place,Other place,,,Names a place outside Grace's 15 East Texas towns.
furniture restoration victoria,10,13,Service (no place),Other place,,,Names a place outside Grace's 15 East Texas towns.
furniture restoration wood,10,37,Service (no place),Service,/furniture-repair/,supporting,
furniture restoration york,10,13,Service (no place),Other place,,,Names a place outside Grace's 15 East Texas towns.
furniture restoration youtube channels,10,5,Off-topic,Off-topic,,,"Jobs, classes, videos, stairlifts or other searches that are not a customer hiring a woodwork shop."
furniture zipper repair,10,23,Service (no place),Off-topic,,,"Upholstery, leather, mechanisms or covers: not a service Grace has confirmed."
handmade furniture yorkshire,10,13,Service (no place),Other place,,,Names a place outside Grace's 15 East Texas towns.
henderson furniture reviews,10,29,East Texas,Off-topic,,,Off-topic or noise: not a search for woodwork Grace does.
how carpenter ants look like,10,7,Off-topic,Off-topic,,,Sheet verdict kept: not woodwork Grace does.
how carpenter help us,10,5,Off-topic,Off-topic,,,Sheet verdict kept: not woodwork Grace does.
how carpenter work,10,13,Question,Service,/,supporting,
how deep are built in shelves,10,17,Other place,Service,/custom-cabinets/built-in-shelves/,supporting,
how does kitchen cabinet refacing work,10,27,Question,Question,/custom-cabinets/what-is-cabinet-refacing/,supporting,
how long does it take to learn woodworking,10,5,Question,DIY or product,,,"Hobby woodworking shops, tools or the business of woodworking: not a customer looking for a shop to hire."
how long should a chair last,10,5,Question,Service,/furniture-repair/chair-caning-and-repair/,supporting,
how much carpenter charge,10,5,Off-topic,Off-topic,,,Sheet verdict kept: not woodwork Grace does.
how much carpenter per day,10,5,Off-topic,Off-topic,,,Sheet verdict kept: not woodwork Grace does.
how much carpenter per hour,10,5,Off-topic,Off-topic,,,Sheet verdict kept: not woodwork Grace does.
how much does a deck rebuild cost,10,26,Question,Off-topic,,,"Screens, masonry, roofing or full replacement: outside the porch and deck repair Grace confirmed."
how much does caning a chair cost,10,5,Question,Question,/furniture-repair/how-chair-caning-is-repaired/,supporting,
how much is deck repair,10,20,Question,Service,/deck-repair/,supporting,
how much kitchen cabinet painting cost,10,24,Question,Question,/custom-cabinets/cabinet-painting-cost/,supporting,
how much kitchen cabinets cost philippines,10,5,Question,DIY or product,,,"Shopping for stock kitchen cabinets, hardware or design ideas: retailers and showrooms own these; Grace builds and refinishes, it does not sell stock lines."
how much replace deck,10,10,Question,Off-topic,,,"Screens, masonry, roofing or full replacement: outside the porch and deck repair Grace confirmed."
how much to charge for deck repair,10,14,Question,Service,/deck-repair/,supporting,
how often do chairs explode,10,5,Question,Off-topic,,,Off-topic or noise: not a search for woodwork Grace does.
how refurbish furniture,10,13,Question,DIY or product,,,"Do-it-yourself how-to: the plan does not publish step-by-step DIY repair, power-tool or structural instructions; pages answer the question and say when to call."
how to build in shelves,10,29,Other place,Other place,,,Names a place outside Grace's 15 East Texas towns.
how to repair furniture abiotic factor,10,5,Question,Other business or brand,,,"Another company's name or a brand: searchers want that business, not Grace."
how to repair furniture scratch,10,5,Question,DIY or product,,,"Do-it-yourself how-to: the plan does not publish step-by-step DIY repair, power-tool or structural instructions; pages answer the question and say when to call."
how to repair porch ceiling,10,20,Question,Off-topic,,,"Screens, masonry, roofing or full replacement: outside the porch and deck repair Grace confirmed."
how to repair porch column bases,10,5,Question,DIY or product,,,"Do-it-yourself how-to: the plan does not publish step-by-step DIY repair, power-tool or structural instructions; pages answer the question and say when to call."
how to repair porch steps,10,12,Question,DIY or product,,,"Do-it-yourself how-to: the plan does not publish step-by-step DIY repair, power-tool or structural instructions; pages answer the question and say when to call."
how to repair wood furniture finish,10,22,Question,DIY or product,,,"Do-it-yourself how-to: the plan does not publish step-by-step DIY repair, power-tool or structural instructions; pages answer the question and say when to call."
how wood charity shop,10,5,Question,Off-topic,,,Off-topic or noise: not a search for woodwork Grace does.
is cabinet paint different,10,17,Question,DIY or product,,,"A product, tool or material for doing it yourself: product pages win these, not a shop."
is cabinet painting worth it,10,15,Question,Question,/custom-cabinets/cabinet-painting-cost/,supporting,
is tyler texas conservative,10,5,East Texas,Off-topic,,,Off-topic or noise: not a search for woodwork Grace does.
joanna gaines built in shelves,10,14,Other place,Off-topic,,,"Jobs, classes, videos, stairlifts or other searches that are not a customer hiring a woodwork shop."
kilgore furniture,10,44,East Texas,Off-topic,,,Off-topic or noise: not a search for woodwork Grace does.
kitchen cabinet paint 2025,10,10,DIY or product,DIY or product,,,Sheet verdict kept: a product or do-it-yourself search.
kitchen cabinet refacing uk,10,5,Other place,Other place,,,Names a place outside Grace's 15 East Texas towns.
kitchen cabinet refacing youtube,10,14,Off-topic,Off-topic,,,"Jobs, classes, videos, stairlifts or other searches that are not a customer hiring a woodwork shop."
kitchen cabinets 50cm depth,10,5,DIY or product,DIY or product,,,Sheet verdict kept: a product or do-it-yourself search.
kitchen cabinets 50cm wide,10,5,DIY or product,DIY or product,,,Sheet verdict kept: a product or do-it-yourself search.
kitchen cabinets 60cm,10,13,DIY or product,DIY or product,,,Sheet verdict kept: a product or do-it-yourself search.
kitchen cabinets 7,10,44,DIY or product,DIY or product,,,"Shopping for stock kitchen cabinets, hardware or design ideas: retailers and showrooms own these; Grace builds and refinishes, it does not sell stock lines."
kitchen cabinets 70cm,10,13,DIY or product,DIY or product,,,Sheet verdict kept: a product or do-it-yourself search.
kitchen cabinets 720mm,10,44,DIY or product,DIY or product,,,Sheet verdict kept: a product or do-it-yourself search.
kitchen cabinets 800mm wide,10,5,DIY or product,DIY or product,,,Sheet verdict kept: a product or do-it-yourself search.
kitchen cabinets colors 2026,10,36,DIY or product,DIY or product,,,"Shopping for stock kitchen cabinets, hardware or design ideas: retailers and showrooms own these; Grace builds and refinishes, it does not sell stock lines."
kitchen cabinets johnstown pa,10,36,Other place,Other place,,,Names a place outside Grace's 15 East Texas towns.
kitchen cabinets kaboodle,10,29,DIY or product,DIY or product,,,Sheet verdict kept: a product or do-it-yourself search.
kitchen cabinets o'fallon mo,10,34,Other place,Other place,,,Names a place outside Grace's 15 East Texas towns.
kitchen cabinets quincy ma,10,31,Other place,Other place,,,Names a place outside Grace's 15 East Texas towns.
made furniture quality,10,13,Service (no place),Off-topic,,,Off-topic or noise: not a search for woodwork Grace does.
make your own built in shelves,10,36,Other place,Service,/custom-cabinets/built-in-shelves/,supporting,
old furniture for restoration,10,17,Service (no place),DIY or product,,,"Shopping for a new or project piece, not for repair."
porch crack repair,10,43,Service (no place),Service,/porch-repair/,supporting,
porch lift repair,10,23,Service (no place),Off-topic,,,"Screens, masonry, roofing or full replacement: outside the porch and deck repair Grace confirmed."
porch post repair kit,10,20,DIY or product,DIY or product,,,"A product, tool or material for doing it yourself: product pages win these, not a shop."
porch repair atlanta,10,41,Other place,Other place,,,Names a place outside Grace's 15 East Texas towns.
porch repair cleveland,10,36,Other place,Other place,,,Names a place outside Grace's 15 East Texas towns.
porch repair grand rapids,10,29,Other place,Other place,,,Names a place outside Grace's 15 East Texas towns.
porch repair services near me,10,25,Other place,Service near me,/porch-repair/,supporting,
porch repair windsor ontario,10,5,Other place,Other place,,,Names a place outside Grace's 15 East Texas towns.
porch step repair near me,10,33,Other place,Service near me,/porch-repair/,supporting,
refinish table top without stripping,10,36,Service (no place),Service,/furniture-repair/table-refinishing/,supporting,
refinishing table saw top,10,5,Service (no place),Off-topic,,,"Screens, masonry, roofing or full replacement: outside the porch and deck repair Grace confirmed."
restoration of antique furniture near me,10,10,Other place,Service near me,/furniture-repair/antique-furniture-restoration/,supporting,
revolving chair repair near me,10,13,Other place,Off-topic,,,"Jobs, classes, videos, stairlifts or other searches that are not a customer hiring a woodwork shop."
sofa repair zone,10,13,Service (no place),Other business or brand,,,"Another company's name or a brand: searchers want that business, not Grace."
street signs in texas,10,11,Other place,Other place,,,Names a place outside Grace's 15 East Texas towns.
table painting art,10,13,Service (no place),Off-topic,,,Off-topic or noise: not a search for woodwork Grace does.
table restoration hardware lamps,10,36,DIY or product,Other business or brand,,,"Another company's name or a brand: searchers want that business, not Grace."
table umbrella repair,10,19,Service (no place),Off-topic,,,"Screens, masonry, roofing or full replacement: outside the porch and deck repair Grace confirmed."
thomas johnson antique furniture restoration in gorham maine,10,5,Other place,Other place,,,Names a place outside Grace's 15 East Texas towns.
tom johnson antique furniture restoration,10,5,Service (no place),Other business or brand,,,"Another company's name or a brand: searchers want that business, not Grace."
trendy wood shop zeewolde,10,5,Service (no place),Other business or brand,,,"Another company's name or a brand: searchers want that business, not Grace."
us cabinet refacing reviews,10,20,Service (no place),Other business or brand,,,"Another company's name or a brand: searchers want that business, not Grace."
vintage furniture restoration melbourne,10,5,Other place,Other place,,,Names a place outside Grace's 15 East Texas towns.
what carpenter ants have wings,10,5,Off-topic,Off-topic,,,Sheet verdict kept: not woodwork Grace does.
what carpenter bees sting,10,5,Off-topic,Off-topic,,,Sheet verdict kept: not woodwork Grace does.
what chair can move,10,5,Question,Off-topic,,,Off-topic or noise: not a search for woodwork Grace does.
what color is a yield sign in texas,10,5,Other place,Other place,,,Names a place outside Grace's 15 East Texas towns.
what do custom cabinets cost,10,19,Question,Service,/custom-cabinets/,supporting,
what is refacing cabinet doors,10,14,Question,Question,/custom-cabinets/what-is-cabinet-refacing/,supporting,
what to do with built in shelves,10,6,Other place,Service,/custom-cabinets/built-in-shelves/,supporting,
when furniture,10,49,Question,Off-topic,,,Off-topic or noise: not a search for woodwork Grace does.
when to replace furniture,10,6,Question,Question,/furniture-repair/,supporting,
where carpenter work,10,13,Question,Service,/,supporting,
where chair,10,34,Question,Off-topic,,,Off-topic or noise: not a search for woodwork Grace does.
why carpenter is called carpenter,10,5,Off-topic,Off-topic,,,Sheet verdict kept: not woodwork Grace does.
why custom cabinets,10,17,Question,Service,/custom-cabinets/,supporting,
why custom furniture,10,13,Question,Service,/custom-furniture/,supporting,
why white kitchen cabinets,10,5,Question,DIY or product,,,"Shopping for stock kitchen cabinets, hardware or design ideas: retailers and showrooms own these; Grace builds and refinishes, it does not sell stock lines."
will furniture restorer,10,13,Question,Service,/furniture-repair/,supporting,
will white kitchen cabinets turn yellow,10,5,Question,DIY or product,,,"Shopping for stock kitchen cabinets, hardware or design ideas: retailers and showrooms own these; Grace builds and refinishes, it does not sell stock lines."
wood carved signs gatlinburg tn,10,36,Other place,Other place,,,Names a place outside Grace's 15 East Texas towns.
wood custom signs near me,10,36,Other place,Service near me,/custom-signs/,supporting,
wood furniture refinishing houston,10,16,Other place,Other place,,,Names a place outside Grace's 15 East Texas towns.
wood furniture repair columbus ohio,10,18,Other place,Other place,,,Names a place outside Grace's 15 East Texas towns.
wood furniture repair dubai,10,5,Other place,Other place,,,Names a place outside Grace's 15 East Texas towns.
wood furniture repair epoxy,10,5,Service (no place),DIY or product,,,"A product, tool or material for doing it yourself: product pages win these, not a shop."
wood furniture repair jacksonville fl,10,20,Other place,Other place,,,Names a place outside Grace's 15 East Texas towns.
wood furniture repair kansas city,10,12,Other place,Other place,,,Names a place outside Grace's 15 East Texas towns.
wood furniture repair las vegas,10,8,Other place,Other place,,,Names a place outside Grace's 15 East Texas towns.
wood furniture repair long island,10,10,Other place,Other place,,,Names a place outside Grace's 15 East Texas towns.
wood furniture repair milwaukee,10,22,Other place,Other place,,,Names a place outside Grace's 15 East Texas towns.
wood furniture repair pittsburgh,10,13,Other place,Other place,,,Names a place outside Grace's 15 East Texas towns.
wood furniture repair polish,10,34,DIY or product,DIY or product,,,"A product, tool or material for doing it yourself: product pages win these, not a shop."
wood furniture repair portland,10,18,Other place,Other place,,,Names a place outside Grace's 15 East Texas towns.
wood furniture repair tools,10,5,DIY or product,DIY or product,,,"A product, tool or material for doing it yourself: product pages win these, not a shop."
wood furniture repair toronto,10,5,Other place,Other place,,,Names a place outside Grace's 15 East Texas towns.
wood furniture repair vancouver,10,5,Other place,Other place,,,Names a place outside Grace's 15 East Texas towns.
wood furniture repair winnipeg,10,5,Service (no place),Other place,,,Names a place outside Grace's 15 East Texas towns.
wood furniture restoration johannesburg,10,5,Service (no place),Other place,,,Names a place outside Grace's 15 East Texas towns.
wood furniture restoration kit,10,36,DIY or product,DIY or product,,,"A product, tool or material for doing it yourself: product pages win these, not a shop."
wood shop uk,10,22,Other place,Other place,,,Names a place outside Grace's 15 East Texas towns.
wood window shop near me,10,36,Other place,Other place,,,Sheet verdict kept: names a place outside Grace's area.
wood working shop calgary,10,14,Other place,Other place,,,Names a place outside Grace's 15 East Texas towns.
woodshop 510,10,18,Service (no place),Other business or brand,,,"Another company's name or a brand: searchers want that business, not Grace."
woodworking longview tx,10,13,East Texas,East Texas,/custom-furniture/longview-tx.html,supporting,
woodworking shop calgary,10,13,Other place,Other place,,,Names a place outside Grace's 15 East Texas towns.
woodworking shop dublin,10,13,Other place,Other place,,,Names a place outside Grace's 15 East Texas towns.
woodworking shop for rent calgary,10,5,Other place,Other place,,,Names a place outside Grace's 15 East Texas towns.
woodworking shop melbourne,10,13,Other place,Other place,,,Names a place outside Grace's 15 East Texas towns.
woodworking shop omaha,10,29,Other place,Other place,,,Names a place outside Grace's 15 East Texas towns.
woodworking shop perth,10,13,Other place,Other place,,,Names a place outside Grace's 15 East Texas towns.
woodworking shop rate,10,13,Service (no place),DIY or product,,,"Hobby woodworking shops, tools or the business of woodworking: not a customer looking for a shop to hire."
woodworking shop sydney,10,13,Other place,Other place,,,Names a place outside Grace's 15 East Texas towns.
woodworking shop the villages,10,8,Service (no place),DIY or product,,,"Hobby woodworking shops, tools or the business of woodworking: not a customer looking for a shop to hire."
woodworking shop vancouver wa,10,10,Other place,Other place,,,Names a place outside Grace's 15 East Texas towns.
woodworking shop victoria bc,10,5,Service (no place),DIY or product,,,"Hobby woodworking shops, tools or the business of woodworking: not a customer looking for a shop to hire."
youtube chair caning repair,10,5,Off-topic,Off-topic,,,"Jobs, classes, videos, stairlifts or other searches that are not a customer hiring a woodwork shop."
zongkers custom furniture,10,13,Service (no place),Other business or brand,,,"Another company's name or a brand: searchers want that business, not Grace."
